tem,glnonfil,temnorth,temsouth,,,
-0.675,-0.671,-0.901,-0.449,,,
-0.333,-0.296,-0.151,-0.516,,,
-0.591,-0.699,-0.503,-0.679,,,
-0.589,-0.508,-0.673,-0.504,,,
-0.508,-0.329,-0.607,-0.409,,,
-0.344,-0.237,-0.193,-0.495,,,
-0.16,-0.13,-0.062,-0.258,,,
-0.208,-0.207,0.016,-0.431,,,
-0.385,-0.357,-0.318,-0.452,,,
-0.533,-0.442,-0.752,-0.315,,,
-0.283,-0.15,-0.564,-0.001,,,
-0.404,-0.239,-0.521,-0.286,,,
-0.201,-0.222,-0.045,-0.357,,,
-0.469,-0.328,-0.502,-0.437,,,
-0.646,-0.408,-1.007,-0.285,,,
-0.542,-0.465,-0.689,-0.395,,,
-0.198,-0.28,-0.112,-0.284,,,
-0.137,-0.247,0.052,-0.326,,,
-0.097,-0.163,-0.054,-0.14,,,
-0.102,-0.17,-0.006,-0.197,,,
-0.091,-0.062,0.088,-0.271,,,
-0.008,-0.053,0.058,-0.075,,,
-0.082,-0.025,-0.21,0.046,,,
-0.228,-0.048,-0.206,-0.249,,,
-0.375,-0.3,-0.353,-0.397,,,
-0.477,-0.445,-0.483,-0.471,,,
-0.56,-0.488,-0.676,-0.443,,,
-0.585,-0.568,-0.719,-0.452,,,
-0.127,-0.196,-0.029,-0.226,,,
-0.084,-0.056,-0.021,-0.146,,,
0.005,0.068,-0.012,0.022,,,
-0.136,-0.194,-0.056,-0.216,,,
-0.002,-0.093,-0.02,0.017,,,
-0.172,-0.197,-0.07,-0.275,,,
-0.305,-0.196,-0.578,-0.033,,,
0.065,0.114,0.188,-0.058,,,
-0.233,-0.125,-0.048,-0.417,,,
-0.404,-0.296,-0.42,-0.387,,,
-0.28,-0.222,-0.505,-0.056,,,
-0.386,-0.319,-0.456,-0.317,,,
-0.268,-0.252,-0.163,-0.373,,,
-0.142,-0.138,0.024,-0.309,,,
-0.083,-0.048,0.067,-0.234,,,
-0.057,-0.139,0.097,-0.211,,,
-0.25,-0.366,-0.195,-0.305,,,
-0.392,-0.353,-0.382,-0.401,,,
-0.411,-0.265,-0.602,-0.221,,,
-0.337,-0.453,-0.362,-0.313,,,
-0.381,-0.321,-0.458,-0.305,,,
-0.361,-0.252,-0.422,-0.3,,,
-0.243,-0.224,-0.085,-0.4,,,
-0.334,-0.367,-0.311,-0.356,,,
-0.291,-0.218,-0.194,-0.387,,,
-0.299,-0.202,-0.35,-0.249,,,
-0.179,-0.24,0.067,-0.424,,,
-0.239,-0.148,0.051,-0.53,,,
-0.217,-0.118,-0.123,-0.31,,,
-0.095,-0.18,0.167,-0.357,,,
-0.41,-0.375,-0.282,-0.539,,,
-0.45,-0.378,-0.159,-0.742,,,
-0.159,-0.187,0.003,-0.322,,,
-0.313,-0.375,-0.371,-0.256,,,
-0.344,-0.277,-0.354,-0.334,,,
-0.218,-0.25,0.066,-0.502,,,
-0.388,-0.366,-0.237,-0.538,,,
-0.333,-0.294,-0.176,-0.49,,,
-0.333,-0.274,-0.214,-0.452,,,
-0.2,-0.152,-0.148,-0.251,,,
-0.271,-0.301,-0.326,-0.215,,,
-0.195,-0.159,-0.121,-0.27,,,
-0.389,-0.264,-0.449,-0.33,,,
-0.42,-0.466,-0.621,-0.219,,,
-0.076,-0.111,0.026,-0.177,,,
-0.337,-0.298,-0.381,-0.293,,,
-0.358,-0.38,-0.508,-0.207,,,
-0.316,-0.347,-0.244,-0.388,,,
-0.285,-0.171,-0.224,-0.347,,,
-0.214,-0.238,-0.09,-0.338,,,
-0.225,-0.346,-0.273,-0.176,,,
-0.238,-0.304,-0.274,-0.202,,,
-0.388,-0.366,-0.369,-0.408,,,
-0.438,-0.39,-0.488,-0.388,,,
-0.552,-0.571,-0.691,-0.413,,,
-0.418,-0.525,-0.487,-0.348,,,
-0.495,-0.495,-0.673,-0.317,,,
-0.435,-0.348,-0.418,-0.452,,,
-0.479,-0.574,-0.464,-0.493,,,
-0.644,-0.623,-0.738,-0.551,,,
-0.659,-0.49,-0.733,-0.585,,,
-0.304,-0.324,-0.199,-0.409,,,
-0.411,-0.484,-0.254,-0.569,,,
-0.369,-0.319,-0.216,-0.522,,,
-0.38,-0.363,-0.338,-0.422,,,
-0.473,-0.42,-0.501,-0.444,,,
-0.685,-0.586,-0.76,-0.611,,,
-0.274,-0.233,-0.124,-0.423,,,
-0.295,-0.381,-0.123,-0.468,,,
-0.477,-0.578,-0.602,-0.351,,,
-0.548,-0.487,-0.566,-0.529,,,
-0.428,-0.508,-0.3,-0.556,,,
-0.532,-0.577,-0.388,-0.677,,,
-0.38,-0.453,-0.287,-0.472,,,
-0.336,-0.263,-0.24,-0.431,,,
-0.278,-0.235,-0.335,-0.22,,,
-0.283,-0.275,-0.376,-0.19,,,
-0.289,-0.186,-0.176,-0.401,,,
-0.366,-0.48,-0.426,-0.305,,,
-0.455,-0.407,-0.483,-0.426,,,
-0.381,-0.302,-0.338,-0.425,,,
-0.344,-0.2,-0.32,-0.367,,,
-0.314,-0.306,-0.264,-0.364,,,
-0.157,-0.152,-0.083,-0.231,,,
-0.152,-0.172,-0.014,-0.29,,,
-0.25,-0.186,-0.129,-0.371,,,
-0.312,-0.29,-0.268,-0.357,,,
-0.245,-0.138,-0.143,-0.346,,,
-0.394,-0.434,-0.387,-0.401,,,
-0.255,-0.272,-0.278,-0.232,,,
-0.288,-0.263,-0.251,-0.324,,,
-0.284,-0.266,-0.498,-0.071,,,
-0.391,-0.177,-0.577,-0.204,,,
-0.468,-0.371,-0.64,-0.296,,,
-0.786,-0.446,-1.268,-0.305,,,
-0.306,-0.23,-0.331,-0.281,,,
-0.364,-0.251,-0.279,-0.449,,,
-0.211,-0.211,-0.104,-0.318,,,
-0.185,-0.228,-0.099,-0.271,,,
-0.114,-0.218,-0.023,-0.206,,,
-0.131,-0.115,-0.014,-0.249,,,
-0.346,-0.296,-0.272,-0.42,,,
-0.605,-0.474,-0.822,-0.388,,,
-0.774,-0.583,-1.08,-0.469,,,
-0.918,-0.724,-1.383,-0.454,,,
-0.625,-0.405,-0.662,-0.588,,,
-0.416,-0.413,-0.394,-0.437,,,
-0.386,-0.369,-0.548,-0.225,,,
-0.661,-0.697,-0.517,-0.805,,,
-0.252,-0.205,-0.103,-0.401,,,
-0.298,-0.258,0.052,-0.647,,,
-0.041,-0.126,0.112,-0.194,,,
-0.27,-0.288,-0.248,-0.293,,,
-0.477,-0.34,-0.414,-0.539,,,
-0.458,-0.337,-0.443,-0.472,,,
-0.351,-0.231,-0.319,-0.383,,,
-0.825,-0.704,-1.113,-0.537,,,
-0.716,-0.818,-1.005,-0.426,,,
-0.535,-0.414,-0.837,-0.234,,,
-0.522,-0.224,-0.798,-0.246,,,
-0.348,-0.195,-0.553,-0.143,,,
-0.307,-0.337,-0.414,-0.2,,,
-0.345,-0.32,-0.34,-0.35,,,
-0.456,-0.649,-0.299,-0.614,,,
-0.362,-0.429,-0.34,-0.385,,,
-0.449,-0.339,-0.517,-0.38,,,
-0.678,-0.669,-0.924,-0.432,,,
-0.895,-0.754,-1.281,-0.509,,,
-0.076,0.054,0.189,-0.341,,,
-0.25,-0.067,-0.263,-0.237,,,
-0.355,-0.211,-0.335,-0.375,,,
-0.288,-0.253,-0.316,-0.26,,,
-0.384,-0.353,-0.192,-0.576,,,
-0.369,-0.38,-0.289,-0.449,,,
-0.312,-0.371,-0.252,-0.373,,,
-0.297,-0.262,-0.181,-0.414,,,
-0.352,-0.292,-0.217,-0.487,,,
-0.504,-0.323,-0.649,-0.359,,,
-0.441,-0.301,-0.456,-0.425,,,
-0.503,-0.322,-0.655,-0.351,,,
-0.853,-0.882,-0.962,-0.745,,,
-0.593,-0.561,-0.586,-0.601,,,
-0.499,-0.459,-0.507,-0.491,,,
-0.544,-0.512,-0.558,-0.529,,,
-0.323,-0.397,-0.325,-0.322,,,
-0.113,-0.117,0.185,-0.41,,,
-0.26,-0.145,-0.127,-0.392,,,
-0.308,-0.274,0.024,-0.64,,,
-0.443,-0.445,-0.377,-0.508,,,
-0.603,-0.677,-0.694,-0.512,,,
-0.456,-0.453,-0.705,-0.207,,,
-0.59,-0.563,-0.908,-0.273,,,
-0.176,-0.043,-0.012,-0.34,,,
-0.467,-0.492,-0.76,-0.173,,,
-0.661,-0.558,-1.052,-0.271,,,
-0.448,-0.175,-0.736,-0.161,,,
-0.378,-0.256,-0.26,-0.496,,,
-0.196,-0.237,-0.064,-0.328,,,
-0.216,-0.096,-0.168,-0.263,,,
-0.212,-0.245,-0.202,-0.222,,,
-0.171,-0.085,-0.024,-0.318,,,
-0.269,-0.301,-0.219,-0.32,,,
-0.337,-0.228,-0.259,-0.415,,,
-0.461,-0.31,-0.655,-0.266,,,
-0.132,0.079,-0.101,-0.163,,,
-0.401,-0.177,-0.533,-0.269,,,
-0.682,-0.549,-0.868,-0.497,,,
-0.454,-0.266,-0.533,-0.375,,,
-0.572,-0.57,-0.752,-0.392,,,
-0.099,0.078,-0.035,-0.162,,,
-0.009,-0.001,0.083,-0.1,,,
-0.249,-0.258,-0.182,-0.317,,,
-0.378,-0.229,-0.362,-0.393,,,
-0.421,-0.337,-0.593,-0.248,,,
-0.298,-0.24,-0.275,-0.321,,,
-0.4,-0.339,-0.333,-0.467,,,
-0.405,-0.311,-0.501,-0.309,,,
-0.354,0.005,-0.319,-0.388,,,
-0.681,-0.615,-1.072,-0.291,,,
-0.421,-0.235,-0.596,-0.246,,,
-0.574,-0.541,-0.854,-0.294,,,
-0.35,-0.29,-0.356,-0.345,,,
-0.253,-0.239,-0.145,-0.361,,,
-0.33,-0.254,-0.171,-0.489,,,
-0.148,-0.09,-0.128,-0.167,,,
-0.125,-0.145,-0.132,-0.118,,,
-0.196,-0.338,-0.164,-0.228,,,
-0.445,-0.665,-0.422,-0.469,,,
-0.685,-0.649,-0.806,-0.564,,,
-0.693,-0.432,-1.003,-0.384,,,
-0.335,-0.073,-0.514,-0.156,,,
-0.363,-0.312,-0.285,-0.441,,,
-0.286,-0.098,-0.234,-0.337,,,
-0.298,-0.224,-0.068,-0.527,,,
-0.06,0.108,0.323,-0.442,,,
-0.193,-0.084,-0.122,-0.264,,,
-0.345,-0.211,-0.401,-0.288,,,
-0.23,-0.267,-0.238,-0.221,,,
-0.423,-0.468,-0.661,-0.186,,,
-0.314,-0.133,-0.295,-0.333,,,
-0.336,-0.278,-0.333,-0.338,,,
0.131,0.214,0.377,-0.114,,,
-0.626,-0.584,-0.806,-0.445,,,
-0.406,-0.209,-0.52,-0.291,,,
-0.31,-0.288,-0.178,-0.441,,,
-0.385,-0.399,-0.189,-0.58,,,
-0.417,-0.322,-0.164,-0.67,,,
-0.168,-0.092,0.053,-0.389,,,
-0.172,-0.221,-0.039,-0.304,,,
-0.293,-0.44,-0.221,-0.366,,,
-0.282,-0.371,-0.29,-0.274,,,
-0.537,-0.395,-0.674,-0.399,,,
-0.211,-0.094,-0.225,-0.197,,,
-0.454,-0.436,-0.607,-0.302,,,
-0.498,-0.401,-0.553,-0.444,,,
-0.333,-0.169,-0.391,-0.275,,,
-0.298,-0.148,-0.089,-0.507,,,
-0.231,-0.215,-0.053,-0.41,,,
-0.073,-0.024,0.078,-0.225,,,
-0.258,-0.247,-0.176,-0.341,,,
-0.202,-0.278,-0.084,-0.321,,,
-0.443,-0.405,-0.4,-0.486,,,
-0.266,-0.153,-0.203,-0.328,,,
-0.666,-0.694,-1.044,-0.289,,,
-0.558,-0.511,-0.843,-0.274,,,
-0.672,-0.568,-1.115,-0.228,,,
-0.172,-0.003,-0.235,-0.109,,,
-0.222,-0.13,-0.154,-0.29,,,
-0.362,-0.313,-0.449,-0.275,,,
-0.286,-0.229,-0.24,-0.333,,,
-0.082,-0.002,-0.028,-0.137,,,
-0.322,-0.229,-0.121,-0.523,,,
-0.361,-0.445,-0.329,-0.393,,,
-0.373,-0.481,-0.24,-0.507,,,
-0.523,-0.538,-0.871,-0.174,,,
-0.489,-0.582,-0.666,-0.312,,,
-0.599,-0.305,-0.826,-0.372,,,
-0.62,-0.402,-0.86,-0.38,,,
-0.524,-0.503,-0.594,-0.454,,,
-0.385,-0.171,-0.433,-0.337,,,
-0.142,-0.034,-0.035,-0.248,,,
-0.279,-0.206,-0.191,-0.368,,,
-0.146,-0.126,-0.043,-0.25,,,
0.009,-0.031,0.208,-0.191,,,
-0.176,-0.134,-0.024,-0.329,,,
-0.204,-0.257,-0.185,-0.222,,,
-0.322,-0.26,-0.551,-0.093,,,
-0.548,-0.446,-0.751,-0.345,,,
-0.262,-0.051,-0.481,-0.043,,,
-0.283,-0.399,-0.394,-0.172,,,
-0.409,-0.287,-0.566,-0.251,,,
-0.481,-0.521,-0.687,-0.274,,,
-0.351,-0.391,-0.455,-0.247,,,
-0.321,-0.277,-0.294,-0.348,,,
-0.176,-0.148,-0.115,-0.237,,,
-0.228,-0.161,-0.17,-0.286,,,
-0.405,-0.374,-0.417,-0.393,,,
-0.391,-0.414,-0.313,-0.468,,,
-0.463,-0.455,-0.484,-0.443,,,
-0.328,-0.274,-0.132,-0.524,,,
-0.199,0.023,-0.1,-0.297,,,
-0.438,-0.425,-0.412,-0.465,,,
-0.673,-0.568,-0.832,-0.513,,,
-0.437,-0.52,-0.385,-0.49,,,
-0.334,-0.428,-0.075,-0.593,,,
-0.566,-0.462,-0.306,-0.826,,,
-0.167,-0.157,-0.181,-0.154,,,
-0.296,-0.359,-0.161,-0.431,,,
-0.168,-0.174,0.007,-0.344,,,
-0.471,-0.459,-0.373,-0.569,,,
-0.418,-0.495,-0.42,-0.416,,,
-0.312,-0.401,-0.287,-0.337,,,
-0.571,-0.562,-0.912,-0.231,,,
-0.479,-0.563,-0.779,-0.179,,,
-0.564,-0.583,-0.735,-0.394,,,
-0.358,-0.454,-0.535,-0.181,,,
-0.273,-0.183,-0.362,-0.184,,,
-0.28,-0.215,-0.118,-0.442,,,
-0.182,-0.291,-0.061,-0.303,,,
-0.246,-0.194,-0.241,-0.252,,,
-0.234,-0.268,-0.313,-0.155,,,
-0.233,-0.328,-0.219,-0.248,,,
-0.509,-0.497,-0.831,-0.188,,,
-0.577,-0.535,-0.701,-0.453,,,
-0.514,-0.358,-0.624,-0.404,,,
-0.337,-0.281,-0.384,-0.291,,,
-0.362,-0.378,-0.415,-0.31,,,
-0.424,-0.294,-0.457,-0.392,,,
-0.59,-0.532,-0.716,-0.465,,,
-0.352,-0.288,-0.149,-0.555,,,
-0.214,-0.139,-0.023,-0.405,,,
-0.327,-0.232,-0.2,-0.454,,,
-0.418,-0.419,-0.249,-0.586,,,
-0.3,-0.411,-0.276,-0.324,,,
-0.607,-0.595,-0.722,-0.492,,,
-0.643,-0.692,-1.004,-0.283,,,
-0.411,-0.341,-0.517,-0.305,,,
-0.209,0.015,-0.371,-0.048,,,
-0.091,-0.263,-0.178,-0.005,,,
-0.346,-0.304,-0.466,-0.226,,,
-0.411,-0.424,-0.312,-0.511,,,
-0.138,-0.072,0.024,-0.301,,,
-0.016,0.035,0.09,-0.123,,,
0.211,0.15,0.377,0.045,,,
0.108,0.028,0.165,0.051,,,
0.113,0.062,0.045,0.182,,,
0.034,0.093,0.081,-0.013,,,
-0.056,0.179,-0.155,0.044,,,
-0.07,0.135,-0.33,0.19,,,
0.229,0.372,0.281,0.178,,,
0.361,0.322,0.573,0.149,,,
0.189,0.297,0.251,0.126,,,
-0.122,-0.107,-0.09,-0.155,,,
0.01,0.001,0.38,-0.359,,,
-0.077,-0.063,0.093,-0.247,,,
-0.047,-0.031,0.115,-0.209,,,
0.021,0.004,0.194,-0.153,,,
-0.165,-0.138,-0.166,-0.164,,,
-0.143,-0.229,-0.094,-0.191,,,
-0.323,-0.372,-0.353,-0.292,,,
-0.238,-0.212,-0.209,-0.266,,,
-0.266,-0.167,-0.267,-0.265,,,
-0.258,-0.118,-0.257,-0.26,,,
-0.382,-0.218,-0.447,-0.318,,,
-0.344,-0.24,-0.318,-0.37,,,
-0.283,-0.265,-0.315,-0.251,,,
-0.264,-0.24,-0.22,-0.308,,,
-0.265,-0.167,-0.311,-0.22,,,
-0.236,-0.218,-0.242,-0.229,,,
-0.159,-0.131,-0.021,-0.298,,,
-0.397,-0.418,-0.59,-0.204,,,
-0.55,-0.543,-0.839,-0.262,,,
-0.394,-0.081,-0.477,-0.311,,,
-0.45,-0.185,-0.64,-0.26,,,
-0.194,-0.131,-0.359,-0.029,,,
-0.338,-0.169,-0.465,-0.211,,,
-0.325,-0.276,-0.303,-0.347,,,
-0.381,-0.333,-0.302,-0.459,,,
-0.315,-0.274,-0.307,-0.322,,,
-0.107,-0.14,-0.18,-0.034,,,
-0.297,-0.237,-0.325,-0.269,,,
-0.391,-0.409,-0.42,-0.361,,,
-0.281,-0.424,-0.345,-0.216,,,
-0.317,-0.304,-0.484,-0.151,,,
-0.215,-0.386,-0.234,-0.195,,,
-0.225,-0.253,-0.32,-0.129,,,
-0.248,-0.22,-0.379,-0.117,,,
-0.063,-0.16,-0.042,-0.083,,,
-0.122,-0.051,-0.148,-0.096,,,
-0.399,-0.235,-0.378,-0.42,,,
-0.194,-0.125,-0.187,-0.201,,,
-0.138,-0.117,-0.077,-0.199,,,
-0.301,-0.241,-0.28,-0.322,,,
-0.231,-0.272,-0.34,-0.121,,,
-0.381,-0.326,-0.608,-0.154,,,
-0.271,-0.137,-0.415,-0.127,,,
-0.025,0.101,0.099,-0.15,,,
-0.117,-0.023,-0.164,-0.07,,,
-0.177,-0.066,-0.241,-0.113,,,
-0.315,-0.296,-0.431,-0.198,,,
-0.326,-0.389,-0.414,-0.238,,,
-0.392,-0.318,-0.447,-0.338,,,
-0.341,-0.216,-0.417,-0.265,,,
-0.245,-0.223,-0.241,-0.249,,,
-0.15,-0.149,-0.195,-0.106,,,
-0.399,-0.336,-0.573,-0.226,,,
-0.404,-0.314,-0.574,-0.233,,,
-0.655,-0.494,-0.879,-0.431,,,
-0.473,-0.414,-0.769,-0.177,,,
-0.485,-0.326,-0.802,-0.169,,,
-0.266,-0.363,-0.398,-0.135,,,
-0.439,-0.394,-0.431,-0.447,,,
-0.34,-0.259,-0.378,-0.302,,,
-0.19,-0.138,-0.242,-0.139,,,
-0.219,-0.218,-0.227,-0.21,,,
-0.288,-0.232,-0.273,-0.303,,,
-0.306,-0.284,-0.299,-0.313,,,
-0.34,-0.393,-0.33,-0.35,,,
-0.396,-0.331,-0.62,-0.172,,,
-0.415,-0.342,-0.356,-0.473,,,
-0.444,-0.412,-0.535,-0.352,,,
-0.333,-0.231,-0.468,-0.197,,,
-0.505,-0.478,-0.833,-0.178,,,
-0.509,-0.523,-0.741,-0.277,,,
-0.566,-0.418,-0.65,-0.481,,,
-0.514,-0.429,-0.563,-0.464,,,
-0.566,-0.443,-0.599,-0.533,,,
-0.429,-0.417,-0.593,-0.266,,,
-0.504,-0.372,-0.684,-0.324,,,
-0.463,-0.354,-0.556,-0.371,,,
-0.585,-0.589,-0.844,-0.327,,,
-0.49,-0.429,-0.548,-0.432,,,
-0.656,-0.536,-0.946,-0.366,,,
-0.553,-0.433,-0.68,-0.426,,,
-0.421,-0.508,-0.455,-0.387,,,
-0.635,-0.478,-0.701,-0.569,,,
-0.606,-0.542,-0.607,-0.606,,,
-0.637,-0.483,-0.627,-0.647,,,
-0.42,-0.331,-0.368,-0.473,,,
-0.405,-0.503,-0.274,-0.536,,,
-0.357,-0.337,-0.36,-0.354,,,
-0.362,-0.273,-0.355,-0.368,,,
-0.384,-0.28,-0.581,-0.188,,,
-0.218,-0.173,-0.163,-0.272,,,
-0.48,-0.428,-0.58,-0.379,,,
-0.479,-0.496,-0.672,-0.286,,,
-0.487,-0.411,-0.665,-0.31,,,
-0.362,-0.351,-0.389,-0.335,,,
-0.293,-0.216,-0.34,-0.245,,,
-0.502,-0.402,-0.468,-0.536,,,
-0.302,-0.301,-0.15,-0.455,,,
-0.457,-0.348,-0.389,-0.526,,,
-0.391,-0.438,-0.386,-0.395,,,
-0.413,-0.391,-0.402,-0.424,,,
-0.491,-0.441,-0.617,-0.365,,,
-0.395,-0.441,-0.289,-0.501,,,
-0.744,-0.605,-1.021,-0.467,,,
-0.659,-0.582,-0.77,-0.548,,,
-0.445,-0.483,-0.427,-0.464,,,
-0.483,-0.473,-0.484,-0.481,,,
-0.529,-0.401,-0.439,-0.62,,,
-0.526,-0.42,-0.443,-0.609,,,
-0.389,-0.314,-0.334,-0.444,,,
-0.446,-0.396,-0.507,-0.384,,,
-0.389,-0.365,-0.292,-0.485,,,
-0.445,-0.506,-0.413,-0.476,,,
-0.435,-0.434,-0.382,-0.489,,,
-0.497,-0.424,-0.421,-0.572,,,
-0.618,-0.616,-0.67,-0.567,,,
-0.587,-0.482,-0.754,-0.42,,,
-0.597,-0.569,-0.698,-0.496,,,
-0.352,-0.263,-0.299,-0.405,,,
-0.411,-0.342,-0.376,-0.447,,,
-0.322,-0.313,-0.177,-0.466,,,
-0.339,-0.32,-0.198,-0.48,,,
-0.311,-0.296,-0.233,-0.388,,,
-0.325,-0.24,-0.285,-0.365,,,
-0.166,-0.129,-0.105,-0.228,,,
-0.265,-0.214,-0.293,-0.237,,,
-0.259,-0.187,-0.381,-0.137,,,
-0.297,-0.092,-0.512,-0.081,,,
-0.007,-0.118,0.032,-0.045,,,
-0.087,-0.084,-0.171,-0.004,,,
-0.087,-0.017,-0.021,-0.153,,,
-0.158,-0.093,-0.159,-0.157,,,
-0.213,-0.169,-0.088,-0.337,,,
-0.281,-0.208,-0.194,-0.368,,,
-0.307,-0.244,-0.214,-0.4,,,
-0.342,-0.394,-0.237,-0.446,,,
-0.37,-0.321,-0.363,-0.377,,,
-0.506,-0.409,-0.737,-0.276,,,
-0.344,-0.185,-0.461,-0.227,,,
-0.534,-0.367,-0.678,-0.39,,,
-0.465,-0.382,-0.529,-0.401,,,
-0.611,-0.476,-0.731,-0.492,,,
-0.494,-0.347,-0.484,-0.505,,,
-0.536,-0.416,-0.525,-0.548,,,
-0.495,-0.408,-0.464,-0.526,,,
-0.489,-0.419,-0.435,-0.543,,,
-0.467,-0.426,-0.422,-0.512,,,
-0.482,-0.502,-0.441,-0.524,,,
-0.439,-0.507,-0.3,-0.578,,,
-0.67,-0.571,-0.811,-0.53,,,
-0.399,-0.425,-0.466,-0.333,,,
-0.58,-0.539,-0.682,-0.478,,,
-0.598,-0.502,-0.826,-0.369,,,
-0.363,-0.4,-0.444,-0.281,,,
-0.448,-0.383,-0.546,-0.35,,,
-0.346,-0.213,-0.388,-0.304,,,
-0.375,-0.284,-0.267,-0.483,,,
-0.4,-0.326,-0.277,-0.522,,,
-0.355,-0.322,-0.204,-0.506,,,
-0.257,-0.214,-0.13,-0.384,,,
-0.343,-0.333,-0.366,-0.32,,,
-0.534,-0.551,-0.698,-0.37,,,
-0.218,-0.126,-0.116,-0.32,,,
-0.465,-0.405,-0.591,-0.339,,,
-0.29,-0.149,-0.383,-0.196,,,
-0.533,-0.489,-0.785,-0.281,,,
-0.546,-0.494,-0.642,-0.449,,,
-0.457,-0.423,-0.503,-0.411,,,
-0.436,-0.43,-0.31,-0.563,,,
-0.587,-0.514,-0.531,-0.643,,,
-0.508,-0.447,-0.494,-0.523,,,
-0.382,-0.36,-0.352,-0.413,,,
-0.434,-0.461,-0.368,-0.5,,,
-0.661,-0.642,-0.94,-0.381,,,
-0.792,-0.81,-1.014,-0.57,,,
-1.045,-0.993,-1.556,-0.534,,,
-0.845,-0.748,-1.231,-0.458,,,
-0.427,-0.401,-0.553,-0.3,,,
-0.515,-0.564,-0.466,-0.564,,,
-0.572,-0.59,-0.622,-0.522,,,
-0.442,-0.476,-0.287,-0.597,,,
-0.244,-0.273,-0.119,-0.368,,,
-0.287,-0.311,-0.235,-0.339,,,
-0.365,-0.442,-0.322,-0.408,,,
-0.304,-0.287,-0.248,-0.361,,,
-0.405,-0.44,-0.425,-0.384,,,
-0.485,-0.366,-0.615,-0.354,,,
-0.628,-0.502,-0.849,-0.406,,,
-0.429,-0.395,-0.438,-0.421,,,
-0.512,-0.386,-0.482,-0.542,,,
-0.537,-0.413,-0.465,-0.609,,,
-0.519,-0.469,-0.366,-0.673,,,
-0.584,-0.53,-0.522,-0.645,,,
-0.392,-0.345,-0.202,-0.582,,,
-0.354,-0.337,-0.226,-0.481,,,
-0.44,-0.449,-0.301,-0.578,,,
-0.399,-0.473,-0.307,-0.491,,,
-0.46,-0.439,-0.549,-0.371,,,
-0.552,-0.432,-0.604,-0.499,,,
-0.636,-0.541,-0.88,-0.392,,,
-0.642,-0.703,-0.808,-0.476,,,
-0.618,-0.534,-0.744,-0.492,,,
-0.461,-0.435,-0.352,-0.57,,,
-0.483,-0.449,-0.408,-0.557,,,
-0.425,-0.365,-0.447,-0.403,,,
-0.335,-0.362,-0.249,-0.421,,,
-0.377,-0.306,-0.402,-0.352,,,
-0.394,-0.296,-0.187,-0.602,,,
-0.326,-0.352,-0.19,-0.462,,,
-0.321,-0.291,-0.311,-0.332,,,
-0.367,-0.342,-0.364,-0.369,,,
-0.315,-0.249,-0.386,-0.244,,,
-0.337,-0.252,-0.377,-0.296,,,
-0.588,-0.43,-0.839,-0.337,,,
-0.546,-0.378,-0.749,-0.343,,,
-0.356,-0.244,-0.31,-0.402,,,
-0.23,-0.142,-0.055,-0.405,,,
-0.182,-0.146,-0.111,-0.253,,,
-0.172,-0.093,-0.12,-0.223,,,
-0.155,-0.136,-0.004,-0.306,,,
-0.118,-0.157,0.02,-0.256,,,
-0.314,-0.318,-0.486,-0.142,,,
-0.094,-0.047,-0.102,-0.087,,,
-0.3,-0.228,-0.446,-0.154,,,
-0.349,-0.175,-0.526,-0.171,,,
-0.415,-0.304,-0.688,-0.143,,,
-0.118,-0.098,-0.119,-0.116,,,
-0.114,-0.066,0.012,-0.241,,,
-0.163,-0.178,-0.092,-0.234,,,
-0.187,-0.191,-0.002,-0.372,,,
-0.185,-0.18,-0.072,-0.299,,,
-0.186,-0.177,-0.045,-0.327,,,
-0.212,-0.283,-0.104,-0.321,,,
-0.423,-0.468,-0.429,-0.416,,,
-0.465,-0.497,-0.508,-0.422,,,
-0.199,-0.141,-0.068,-0.331,,,
-0.556,-0.426,-0.636,-0.476,,,
-0.843,-0.772,-1.114,-0.571,,,
-0.663,-0.608,-0.548,-0.778,,,
-0.56,-0.484,-0.448,-0.671,,,
-0.335,-0.336,-0.228,-0.441,,,
-0.395,-0.403,-0.209,-0.58,,,
-0.389,-0.326,-0.276,-0.503,,,
-0.371,-0.359,-0.273,-0.468,,,
-0.501,-0.592,-0.431,-0.571,,,
-0.529,-0.483,-0.533,-0.524,,,
-0.49,-0.395,-0.402,-0.577,,,
-0.36,-0.237,-0.295,-0.424,,,
-0.554,-0.524,-0.723,-0.385,,,
-0.589,-0.604,-0.842,-0.336,,,
-0.439,-0.387,-0.403,-0.476,,,
-0.359,-0.349,-0.327,-0.391,,,
-0.501,-0.433,-0.506,-0.496,,,
-0.366,-0.308,-0.249,-0.482,,,
-0.24,-0.191,-0.126,-0.354,,,
-0.152,-0.159,-0.063,-0.24,,,
-0.183,-0.188,-0.041,-0.325,,,
-0.057,-0.032,0.15,-0.264,,,
-0.466,-0.498,-0.573,-0.36,,,
-0.507,-0.334,-0.734,-0.279,,,
-0.203,-0.227,-0.349,-0.057,,,
-0.2,-0.327,-0.097,-0.303,,,
-0.224,-0.294,-0.207,-0.241,,,
-0.303,-0.327,-0.198,-0.407,,,
-0.217,-0.22,-0.102,-0.332,,,
-0.191,-0.227,-0.155,-0.227,,,
-0.211,-0.216,-0.137,-0.285,,,
-0.196,-0.241,-0.101,-0.29,,,
-0.065,-0.088,0.134,-0.264,,,
-0.263,-0.287,-0.293,-0.232,,,
-0.236,-0.093,-0.135,-0.338,,,
-0.281,-0.223,-0.304,-0.257,,,
-0.268,-0.325,-0.184,-0.353,,,
-0.201,-0.269,0.005,-0.407,,,
-0.175,-0.237,-0.005,-0.346,,,
-0.249,-0.228,-0.251,-0.248,,,
-0.237,-0.196,-0.105,-0.368,,,
-0.329,-0.248,-0.135,-0.522,,,
-0.205,-0.239,-0.095,-0.315,,,
-0.355,-0.382,-0.277,-0.434,,,
-0.341,-0.321,-0.335,-0.347,,,
-0.396,-0.443,-0.368,-0.424,,,
-0.485,-0.467,-0.525,-0.444,,,
-0.44,-0.258,-0.433,-0.447,,,
-0.232,-0.274,-0.13,-0.335,,,
-0.474,-0.442,-0.58,-0.368,,,
-0.431,-0.484,-0.534,-0.327,,,
-0.43,-0.455,-0.503,-0.357,,,
-0.445,-0.446,-0.471,-0.419,,,
-0.389,-0.439,-0.379,-0.4,,,
-0.425,-0.433,-0.298,-0.552,,,
-0.373,-0.422,-0.373,-0.373,,,
-0.501,-0.531,-0.438,-0.563,,,
-0.563,-0.579,-0.69,-0.436,,,
-0.566,-0.552,-0.69,-0.442,,,
-0.434,-0.324,-0.369,-0.5,,,
-0.24,-0.239,-0.079,-0.401,,,
-0.398,-0.403,-0.413,-0.384,,,
-0.588,-0.542,-0.562,-0.614,,,
-0.516,-0.524,-0.516,-0.516,,,
-0.548,-0.593,-0.544,-0.551,,,
-0.505,-0.528,-0.474,-0.536,,,
-0.601,-0.621,-0.587,-0.616,,,
-0.56,-0.575,-0.534,-0.585,,,
-0.665,-0.689,-0.596,-0.734,,,
-0.63,-0.691,-0.636,-0.623,,,
-0.714,-0.647,-0.751,-0.677,,,
-0.807,-0.715,-0.916,-0.697,,,
-0.77,-0.688,-0.853,-0.686,,,
-0.696,-0.737,-0.73,-0.662,,,
-0.647,-0.619,-0.66,-0.633,,,
-0.609,-0.592,-0.55,-0.669,,,
-0.564,-0.585,-0.49,-0.638,,,
-0.553,-0.582,-0.55,-0.556,,,
-0.478,-0.53,-0.424,-0.533,,,
-0.597,-0.517,-0.625,-0.569,,,
-0.553,-0.521,-0.442,-0.664,,,
-0.397,-0.435,-0.247,-0.546,,,
-0.5,-0.46,-0.453,-0.547,,,
-0.463,-0.511,-0.484,-0.442,,,
-0.72,-0.747,-0.924,-0.517,,,
-0.524,-0.51,-0.608,-0.441,,,
-0.559,-0.584,-0.629,-0.489,,,
-0.434,-0.393,-0.446,-0.422,,,
-0.343,-0.356,-0.339,-0.346,,,
-0.373,-0.338,-0.259,-0.488,,,
-0.304,-0.304,-0.276,-0.333,,,
-0.345,-0.346,-0.251,-0.44,,,
-0.335,-0.388,-0.285,-0.386,,,
-0.217,-0.247,-0.069,-0.366,,,
-0.274,-0.228,-0.272,-0.276,,,
-0.297,-0.12,-0.419,-0.174,,,
-0.389,-0.282,-0.611,-0.166,,,
-0.29,-0.321,-0.284,-0.295,,,
-0.104,-0.152,-0.012,-0.196,,,
-0.377,-0.374,-0.324,-0.429,,,
-0.233,-0.325,-0.058,-0.407,,,
-0.343,-0.342,-0.311,-0.375,,,
-0.271,-0.351,-0.115,-0.427,,,
-0.353,-0.406,-0.189,-0.517,,,
-0.322,-0.375,-0.148,-0.496,,,
-0.532,-0.464,-0.509,-0.554,,,
-0.321,-0.312,-0.144,-0.498,,,
-0.529,-0.454,-0.672,-0.386,,,
-0.619,-0.525,-0.767,-0.47,,,
-0.438,-0.398,-0.558,-0.318,,,
-0.478,-0.528,-0.539,-0.417,,,
-0.645,-0.605,-0.735,-0.555,,,
-0.544,-0.558,-0.583,-0.505,,,
-0.425,-0.426,-0.405,-0.446,,,
-0.491,-0.487,-0.461,-0.521,,,
-0.399,-0.425,-0.368,-0.43,,,
-0.336,-0.391,-0.175,-0.497,,,
-0.556,-0.616,-0.591,-0.522,,,
-0.59,-0.554,-0.588,-0.592,,,
-0.466,-0.423,-0.478,-0.454,,,
-0.414,-0.43,-0.408,-0.42,,,
-0.704,-0.644,-0.897,-0.511,,,
-0.588,-0.566,-0.569,-0.608,,,
-0.453,-0.498,-0.374,-0.533,,,
-0.413,-0.501,-0.28,-0.545,,,
-0.401,-0.484,-0.319,-0.483,,,
-0.481,-0.551,-0.404,-0.558,,,
-0.387,-0.48,-0.252,-0.523,,,
-0.575,-0.614,-0.404,-0.746,,,
-0.645,-0.637,-0.693,-0.597,,,
-0.638,-0.6,-0.657,-0.619,,,
-0.763,-0.603,-0.891,-0.635,,,
-0.536,-0.567,-0.501,-0.57,,,
-0.652,-0.706,-0.753,-0.552,,,
-0.633,-0.626,-0.673,-0.593,,,
-0.592,-0.61,-0.554,-0.63,,,
-0.5,-0.53,-0.444,-0.557,,,
-0.524,-0.595,-0.409,-0.639,,,
-0.337,-0.33,-0.295,-0.379,,,
-0.416,-0.419,-0.322,-0.51,,,
-0.495,-0.51,-0.369,-0.62,,,
-0.387,-0.439,-0.189,-0.584,,,
-0.596,-0.609,-0.527,-0.666,,,
-0.433,-0.371,-0.377,-0.489,,,
-0.529,-0.536,-0.461,-0.597,,,
-0.619,-0.5,-0.614,-0.624,,,
-0.535,-0.465,-0.531,-0.539,,,
-0.537,-0.494,-0.466,-0.608,,,
-0.559,-0.506,-0.556,-0.563,,,
-0.435,-0.483,-0.38,-0.489,,,
-0.389,-0.456,-0.333,-0.444,,,
-0.423,-0.459,-0.363,-0.482,,,
-0.485,-0.502,-0.348,-0.622,,,
-0.672,-0.67,-0.644,-0.701,,,
-0.757,-0.683,-0.823,-0.69,,,
-0.668,-0.563,-0.724,-0.612,,,
-0.706,-0.773,-0.7,-0.712,,,
-0.764,-0.714,-0.748,-0.78,,,
-0.644,-0.734,-0.518,-0.769,,,
-0.627,-0.622,-0.508,-0.746,,,
-0.554,-0.574,-0.343,-0.766,,,
-0.493,-0.529,-0.348,-0.637,,,
-0.506,-0.513,-0.386,-0.626,,,
-0.498,-0.515,-0.318,-0.679,,,
-0.345,-0.465,-0.199,-0.492,,,
-0.349,-0.391,-0.269,-0.429,,,
-0.315,-0.307,-0.376,-0.255,,,
-0.329,-0.361,-0.44,-0.219,,,
-0.315,-0.312,-0.277,-0.353,,,
-0.554,-0.392,-0.792,-0.317,,,
-0.338,-0.38,-0.335,-0.34,,,
-0.335,-0.391,-0.271,-0.4,,,
-0.285,-0.329,-0.119,-0.451,,,
-0.507,-0.481,-0.52,-0.494,,,
-0.572,-0.571,-0.661,-0.484,,,
-0.644,-0.57,-0.765,-0.523,,,
-0.679,-0.649,-0.845,-0.513,,,
-0.558,-0.542,-0.605,-0.511,,,
-0.591,-0.487,-0.734,-0.447,,,
-0.564,-0.472,-0.64,-0.487,,,
-0.55,-0.511,-0.759,-0.342,,,
-0.606,-0.574,-0.701,-0.511,,,
-0.534,-0.445,-0.575,-0.493,,,
-0.541,-0.526,-0.62,-0.462,,,
-0.551,-0.541,-0.579,-0.524,,,
-0.477,-0.455,-0.545,-0.409,,,
-0.396,-0.403,-0.367,-0.424,,,
-0.417,-0.425,-0.398,-0.436,,,
-0.438,-0.437,-0.438,-0.439,,,
-0.368,-0.291,-0.305,-0.43,,,
-0.164,-0.208,-0.009,-0.319,,,
-0.078,-0.1,0.11,-0.267,,,
-0.27,-0.23,-0.247,-0.293,,,
-0.397,-0.331,-0.536,-0.259,,,
-0.409,-0.406,-0.493,-0.324,,,
-0.308,-0.321,-0.276,-0.34,,,
-0.308,-0.309,-0.276,-0.34,,,
-0.297,-0.348,-0.307,-0.287,,,
-0.245,-0.259,-0.244,-0.245,,,
-0.301,-0.329,-0.278,-0.325,,,
-0.11,-0.129,-0.088,-0.133,,,
-0.19,-0.167,-0.339,-0.042,,,
-0.237,-0.29,-0.254,-0.219,,,
-0.287,-0.195,-0.307,-0.268,,,
-0.22,-0.126,-0.242,-0.199,,,
-0.194,-0.199,-0.318,-0.07,,,
-0.083,-0.073,-0.037,-0.128,,,
-0.168,-0.183,-0.078,-0.258,,,
-0.172,-0.206,-0.094,-0.25,,,
-0.169,-0.165,-0.142,-0.196,,,
-0.067,-0.118,-0.014,-0.12,,,
-0.12,-0.154,-0.13,-0.11,,,
-0.286,-0.295,-0.347,-0.225,,,
-0.173,-0.164,-0.076,-0.269,,,
-0.362,-0.3,-0.321,-0.404,,,
-0.338,-0.273,-0.312,-0.363,,,
-0.264,-0.206,-0.304,-0.224,,,
-0.439,-0.427,-0.582,-0.296,,,
-0.375,-0.371,-0.405,-0.345,,,
-0.418,-0.366,-0.389,-0.447,,,
-0.495,-0.494,-0.453,-0.537,,,
-0.385,-0.355,-0.222,-0.548,,,
-0.297,-0.38,-0.298,-0.296,,,
-0.322,-0.366,-0.398,-0.245,,,
-0.374,-0.425,-0.381,-0.368,,,
-0.514,-0.547,-0.505,-0.524,,,
-0.821,-0.643,-1.072,-0.571,,,
-0.689,-0.664,-0.663,-0.715,,,
-0.716,-0.777,-0.779,-0.653,,,
-0.784,-0.868,-0.868,-0.701,,,
-0.546,-0.527,-0.556,-0.536,,,
-0.644,-0.699,-0.714,-0.574,,,
-0.479,-0.433,-0.488,-0.469,,,
-0.245,-0.217,-0.258,-0.233,,,
-0.333,-0.279,-0.268,-0.398,,,
-0.298,-0.16,-0.281,-0.314,,,
-0.536,-0.442,-0.672,-0.399,,,
-0.459,-0.429,-0.404,-0.514,,,
-0.787,-0.679,-1.062,-0.511,,,
-0.518,-0.549,-0.588,-0.448,,,
-0.672,-0.556,-0.644,-0.7,,,
-0.579,-0.498,-0.55,-0.608,,,
-0.623,-0.528,-0.646,-0.601,,,
-0.525,-0.503,-0.609,-0.441,,,
-0.387,-0.416,-0.529,-0.244,,,
-0.37,-0.393,-0.356,-0.383,,,
-0.43,-0.44,-0.35,-0.509,,,
-0.258,-0.3,-0.227,-0.29,,,
-0.119,-0.144,-0.118,-0.12,,,
-0.19,-0.1,-0.363,-0.017,,,
-0.424,-0.246,-0.652,-0.197,,,
-0.251,-0.134,-0.382,-0.12,,,
-0.242,-0.134,-0.413,-0.071,,,
-0.392,-0.372,-0.642,-0.142,,,
-0.211,-0.149,-0.272,-0.151,,,
-0.308,-0.288,-0.43,-0.185,,,
-0.358,-0.298,-0.409,-0.306,,,
-0.3,-0.38,-0.267,-0.333,,,
-0.238,-0.376,-0.144,-0.333,,,
-0.286,-0.302,-0.186,-0.386,,,
-0.259,-0.397,-0.129,-0.388,,,
-0.558,-0.586,-0.57,-0.545,,,
-0.503,-0.497,-0.622,-0.384,,,
-0.259,-0.265,-0.194,-0.323,,,
-0.546,-0.403,-0.473,-0.619,,,
-0.172,-0.137,-0.177,-0.167,,,
-0.337,-0.308,-0.322,-0.351,,,
-0.256,-0.253,-0.255,-0.258,,,
-0.238,-0.204,-0.238,-0.239,,,
-0.3,-0.308,-0.202,-0.399,,,
-0.227,-0.251,-0.189,-0.264,,,
-0.196,-0.135,-0.282,-0.111,,,
-0.218,-0.201,-0.274,-0.162,,,
-0.346,-0.325,-0.474,-0.217,,,
-0.488,-0.377,-0.63,-0.347,,,
-0.218,-0.197,-0.064,-0.371,,,
-0.295,-0.208,-0.177,-0.413,,,
-0.343,-0.282,-0.348,-0.337,,,
-0.291,-0.254,-0.139,-0.442,,,
-0.302,-0.258,-0.274,-0.329,,,
-0.154,-0.149,-0.097,-0.211,,,
-0.155,-0.171,0.003,-0.314,,,
-0.321,-0.279,-0.202,-0.44,,,
-0.207,-0.163,-0.147,-0.267,,,
-0.134,-0.154,-0.079,-0.19,,,
-0.196,-0.31,-0.2,-0.192,,,
-0.271,-0.182,-0.233,-0.31,,,
-0.419,-0.411,-0.439,-0.399,,,
-0.409,-0.295,-0.563,-0.255,,,
-0.344,-0.271,-0.295,-0.394,,,
-0.291,-0.235,-0.248,-0.334,,,
-0.47,-0.412,-0.308,-0.631,,,
-0.293,-0.332,-0.198,-0.387,,,
-0.259,-0.268,-0.212,-0.306,,,
-0.356,-0.353,-0.336,-0.376,,,
-0.324,-0.298,-0.36,-0.289,,,
-0.345,-0.35,-0.283,-0.407,,,
-0.255,-0.3,-0.18,-0.331,,,
-0.305,-0.316,-0.209,-0.402,,,
-0.404,-0.241,-0.326,-0.481,,,
-0.494,-0.437,-0.588,-0.401,,,
-0.456,-0.432,-0.555,-0.356,,,
-0.41,-0.372,-0.594,-0.227,,,
-0.404,-0.337,-0.378,-0.43,,,
-0.253,-0.264,-0.215,-0.29,,,
-0.42,-0.375,-0.283,-0.556,,,
-0.324,-0.38,-0.204,-0.443,,,
-0.341,-0.331,-0.17,-0.512,,,
-0.176,-0.253,0.085,-0.438,,,
-0.034,-0.037,0.158,-0.225,,,
-0.1,-0.03,0.007,-0.207,,,
-0.327,-0.343,-0.364,-0.29,,,
-0.315,-0.245,-0.229,-0.401,,,
-0.176,-0.302,-0.028,-0.324,,,
-0.342,-0.305,-0.313,-0.372,,,
-0.218,-0.25,-0.124,-0.311,,,
-0.276,-0.242,-0.186,-0.365,,,
-0.294,-0.284,-0.18,-0.408,,,
-0.317,-0.302,-0.161,-0.474,,,
-0.331,-0.301,-0.174,-0.488,,,
-0.366,-0.32,-0.187,-0.544,,,
-0.291,-0.372,0.027,-0.608,,,
-0.492,-0.548,-0.392,-0.593,,,
-0.492,-0.434,-0.397,-0.586,,,
-0.485,-0.303,-0.492,-0.479,,,
-0.374,-0.244,-0.323,-0.424,,,
-0.307,-0.303,-0.204,-0.41,,,
-0.306,-0.219,-0.251,-0.36,,,
-0.334,-0.279,-0.264,-0.405,,,
-0.331,-0.251,-0.211,-0.451,,,
-0.168,-0.141,-0.106,-0.23,,,
-0.259,-0.211,0.015,-0.533,,,
-0.289,-0.324,-0.085,-0.492,,,
-0.059,-0.087,0.094,-0.212,,,
0.014,-0.039,0.201,-0.173,,,
0.083,0.082,0.389,-0.224,,,
-0.035,-0.031,0.117,-0.187,,,
0.024,-0.053,0.131,-0.084,,,
-0.158,-0.189,-0.166,-0.15,,,
-0.27,-0.228,-0.206,-0.334,,,
-0.183,-0.11,-0.135,-0.231,,,
-0.208,-0.26,-0.094,-0.323,,,
-0.1,-0.11,0.021,-0.221,,,
-0.118,-0.131,0.033,-0.268,,,
-0.07,-0.088,0.108,-0.248,,,
-0.116,-0.124,0.063,-0.294,,,
-0.322,-0.258,-0.285,-0.359,,,
-0.311,-0.271,-0.313,-0.309,,,
-0.212,-0.154,-0.11,-0.315,,,
-0.419,-0.356,-0.447,-0.391,,,
-0.315,-0.271,-0.268,-0.361,,,
-0.23,-0.284,-0.087,-0.373,,,
-0.248,-0.274,-0.107,-0.39,,,
-0.205,-0.179,-0.052,-0.357,,,
-0.213,-0.165,-0.034,-0.393,,,
-0.12,-0.147,0.078,-0.317,,,
-0.03,-0.059,0.274,-0.333,,,
-0.127,-0.183,0.118,-0.371,,,
-0.324,-0.429,-0.334,-0.313,,,
-0.017,-0.074,0.173,-0.207,,,
-0.125,-0.155,0.04,-0.289,,,
-0.32,-0.373,-0.271,-0.368,,,
-0.235,-0.267,-0.217,-0.253,,,
-0.301,-0.296,-0.154,-0.449,,,
-0.327,-0.365,-0.241,-0.413,,,
-0.188,-0.196,-0.081,-0.295,,,
-0.179,-0.206,-0.1,-0.257,,,
-0.207,-0.239,-0.074,-0.34,,,
-0.184,-0.172,-0.029,-0.339,,,
-0.172,-0.185,-0.04,-0.304,,,
-0.227,-0.276,-0.055,-0.399,,,
-0.436,-0.517,-0.531,-0.342,,,
-0.604,-0.685,-0.709,-0.499,,,
-0.487,-0.448,-0.371,-0.603,,,
-0.437,-0.421,-0.336,-0.538,,,
-0.435,-0.407,-0.317,-0.552,,,
-0.409,-0.357,-0.363,-0.455,,,
-0.44,-0.401,-0.347,-0.533,,,
-0.266,-0.224,-0.085,-0.448,,,
-0.277,-0.289,-0.146,-0.408,,,
-0.221,-0.203,-0.036,-0.407,,,
-0.14,-0.089,-0.115,-0.165,,,
-0.56,-0.489,-0.684,-0.437,,,
-0.363,-0.368,-0.196,-0.53,,,
-0.356,-0.311,-0.256,-0.455,,,
-0.247,-0.191,-0.062,-0.433,,,
-0.231,-0.194,-0.159,-0.303,,,
-0.251,-0.219,-0.2,-0.301,,,
-0.204,-0.202,-0.133,-0.275,,,
-0.188,-0.153,0.018,-0.394,,,
-0.098,-0.08,0.11,-0.305,,,
-0.092,-0.123,0.057,-0.241,,,
-0.091,-0.084,0.071,-0.252,,,
0.064,0.052,0.324,-0.197,,,
-0.065,-0.111,0.068,-0.198,,,
-0.137,-0.033,-0.058,-0.216,,,
-0.259,-0.201,-0.357,-0.16,,,
-0.109,-0.13,-0.046,-0.172,,,
-0.171,-0.188,-0.123,-0.219,,,
-0.193,-0.159,-0.099,-0.287,,,
-0.025,-0.031,0.178,-0.228,,,
-0.008,-0.027,0.147,-0.163,,,
-0.027,-0.055,0.17,-0.223,,,
-0.052,-0.06,0.199,-0.303,,,
-0.027,-0.064,0.316,-0.37,,,
-0.136,-0.165,0.123,-0.394,,,
-0.097,-0.138,0.102,-0.297,,,
0.08,0.119,0.318,-0.159,,,
-0.178,-0.234,-0.189,-0.167,,,
-0.195,-0.27,-0.24,-0.149,,,
-0.061,-0.095,0.116,-0.238,,,
-0.16,-0.184,-0.078,-0.241,,,
-0.255,-0.219,-0.092,-0.419,,,
-0.13,-0.141,-0.051,-0.209,,,
-0.19,-0.219,-0.031,-0.349,,,
-0.001,-0.042,0.164,-0.166,,,
-0.094,-0.182,0.127,-0.315,,,
-0.295,-0.274,-0.298,-0.292,,,
-0.267,-0.21,-0.196,-0.338,,,
-0.311,-0.313,-0.292,-0.33,,,
-0.351,-0.354,-0.341,-0.361,,,
-0.385,-0.379,-0.398,-0.372,,,
-0.285,-0.245,-0.184,-0.385,,,
-0.277,-0.263,-0.246,-0.308,,,
-0.324,-0.275,-0.332,-0.315,,,
-0.29,-0.22,-0.116,-0.464,,,
-0.154,-0.186,-0.047,-0.26,,,
-0.327,-0.276,-0.265,-0.388,,,
-0.246,-0.226,-0.166,-0.325,,,
-0.405,-0.338,-0.301,-0.509,,,
-0.514,-0.56,-0.491,-0.537,,,
-0.323,-0.223,-0.249,-0.397,,,
-0.145,-0.183,0.254,-0.544,,,
-0.431,-0.397,-0.456,-0.406,,,
-0.372,-0.284,-0.355,-0.389,,,
-0.14,-0.11,-0.025,-0.255,,,
-0.092,-0.074,-0.049,-0.136,,,
-0.178,-0.098,-0.081,-0.275,,,
-0.114,-0.077,-0.074,-0.155,,,
-0.135,-0.125,-0.084,-0.185,,,
-0.082,-0.112,0.108,-0.272,,,
0.032,-0.001,0.29,-0.226,,,
-0.111,-0.162,0.08,-0.302,,,
-0.348,-0.281,-0.418,-0.278,,,
0.05,0.096,0.472,-0.372,,,
-0.214,-0.262,-0.02,-0.409,,,
-0.323,-0.282,-0.288,-0.357,,,
-0.314,-0.302,-0.266,-0.362,,,
-0.209,-0.215,-0.103,-0.316,,,
-0.141,-0.174,0,-0.282,,,
-0.149,-0.186,0.022,-0.319,,,
-0.191,-0.166,-0.056,-0.325,,,
-0.055,-0.085,0.14,-0.251,,,
-0.322,-0.346,-0.343,-0.3,,,
-0.257,-0.311,-0.178,-0.335,,,
-0.398,-0.335,-0.389,-0.408,,,
-0.343,-0.4,-0.441,-0.245,,,
-0.329,-0.339,-0.256,-0.402,,,
-0.188,-0.245,-0.059,-0.317,,,
-0.172,-0.198,-0.035,-0.31,,,
-0.149,-0.178,0.021,-0.319,,,
-0.07,-0.055,0.081,-0.221,,,
-0.073,-0.073,0.077,-0.223,,,
-0.109,-0.125,0.06,-0.278,,,
-0.041,-0.01,0.029,-0.111,,,
-0.054,-0.105,0.112,-0.22,,,
-0.106,-0.041,0.069,-0.282,,,
-0.127,-0.183,-0.004,-0.25,,,
0.066,0.011,0.235,-0.102,,,
-0.262,-0.318,-0.264,-0.26,,,
-0.121,-0.155,-0.052,-0.191,,,
-0.091,-0.102,0.098,-0.28,,,
-0.008,-0.028,0.152,-0.169,,,
0.02,0.017,0.136,-0.097,,,
0.037,0.068,0.176,-0.103,,,
0.145,0.087,0.325,-0.035,,,
0.128,0.091,0.349,-0.093,,,
0.062,-0.025,0.251,-0.128,,,
-0.078,-0.142,0.059,-0.215,,,
0.046,-0.029,0.288,-0.197,,,
-0.01,0.012,0.244,-0.263,,,
-0.015,0.015,0.145,-0.175,,,
0.04,0.03,0.277,-0.197,,,
-0.096,-0.115,0.024,-0.216,,,
-0.094,-0.108,-0.045,-0.142,,,
-0.046,-0.035,0.06,-0.153,,,
-0.003,-0.014,0.144,-0.15,,,
0.02,0.017,0.212,-0.172,,,
0.163,0.117,0.34,-0.014,,,
0.055,-0.008,0.331,-0.221,,,
-0.206,-0.328,-0.105,-0.306,,,
-0.122,-0.093,-0.075,-0.168,,,
-0.118,-0.066,-0.066,-0.17,,,
-0.289,-0.308,-0.345,-0.233,,,
-0.106,-0.152,-0.074,-0.139,,,
-0.03,-0.047,0.006,-0.066,,,
0.015,0.038,-0.007,0.036,,,
-0.038,-0.013,0.019,-0.095,,,
-0.041,0.002,0.103,-0.185,,,
-0.017,-0.095,0.143,-0.177,,,
-0.099,-0.3,0.028,-0.227,,,
0.021,-0.146,0.199,-0.157,,,
0.334,0.226,0.708,-0.041,,,
-0.053,-0.267,-0.03,-0.075,,,
0.086,-0.056,0.106,0.066,,,
-0.036,-0.102,-0.048,-0.024,,,
0.149,0.007,0.254,0.044,,,
0.05,0.015,0.099,0.001,,,
0.045,0.025,0.054,0.036,,,
0.148,0.091,0.113,0.184,,,
0.1,0.035,0.085,0.114,,,
0.131,0.06,0.191,0.071,,,
0.096,-0.005,0.239,-0.048,,,
-0.005,-0.117,0.163,-0.172,,,
0.199,0.14,0.238,0.161,,,
-0.04,-0.17,0.003,-0.082,,,
0.118,-0.065,0.262,-0.026,,,
-0.117,-0.202,-0.107,-0.127,,,
0.036,-0.038,0.008,0.064,,,
0.061,-0.083,0.08,0.043,,,
0.06,0.084,0.095,0.024,,,
0.161,0.072,0.161,0.16,,,
0.04,-0.013,0.097,-0.017,,,
-0.145,-0.168,0.021,-0.31,,,
0.214,0.178,0.335,0.093,,,
-0.007,0,-0.046,0.031,,,
0.075,0.04,-0.004,0.155,,,
0.258,0.2,0.314,0.202,,,
0.017,-0.096,-0.032,0.066,,,
-0.042,-0.07,-0.115,0.032,,,
-0.015,-0.049,0.022,-0.052,,,
0.124,0.01,0.121,0.126,,,
0.03,0.063,0.079,-0.018,,,
-0.06,-0.061,0.002,-0.121,,,
-0.057,-0.048,-0.099,-0.016,,,
-0.013,0.007,0.072,-0.099,,,
-0.087,-0.074,0.149,-0.323,,,
-0.058,-0.068,0.139,-0.254,,,
-0.08,-0.032,0.07,-0.231,,,
-0.183,-0.212,-0.258,-0.108,,,
-0.031,0.067,0.173,-0.235,,,
-0.168,-0.185,-0.144,-0.192,,,
0.023,0.028,0.217,-0.171,,,
0.036,0.001,0.192,-0.121,,,
-0.075,-0.079,-0.11,-0.039,,,
0.018,0.034,0.033,0.003,,,
0.032,0.042,0.135,-0.072,,,
-0.013,-0.012,0.11,-0.137,,,
0.228,0.229,0.404,0.052,,,
0.104,0.002,0.295,-0.087,,,
0.106,0.192,0.302,-0.089,,,
0.318,0.3,0.575,0.061,,,
0.119,0.141,0.302,-0.064,,,
0.12,0.15,0.206,0.034,,,
0.042,0.055,0.091,-0.007,,,
0.12,0.082,0.222,0.018,,,
0.107,0.162,0.094,0.12,,,
0.149,0.235,0.105,0.192,,,
0.207,0.256,0.159,0.255,,,
0.168,0.291,0.266,0.069,,,
0.208,0.217,0.4,0.017,,,
0.088,0.014,0.164,0.013,,,
0.083,-0.029,0.056,0.11,,,
0.095,-0.015,0.155,0.035,,,
0.048,-0.088,-0.065,0.161,,,
0.039,-0.033,-0.018,0.096,,,
0.21,0.187,0.248,0.171,,,
-0.062,-0.102,0.046,-0.169,,,
-0.037,0.001,0.092,-0.165,,,
0,-0.07,0.038,-0.037,,,
0.236,0.357,0.249,0.223,,,
0.103,0.169,0.151,0.055,,,
0.094,0.154,0.253,-0.064,,,
-0.011,-0.006,0.089,-0.11,,,
-0.2,-0.214,-0.236,-0.163,,,
0.046,0.067,0.231,-0.138,,,
-0.116,-0.007,0.026,-0.258,,,
-0.122,-0.132,-0.053,-0.19,,,
-0.001,0.078,0.19,-0.193,,,
-0.083,-0.154,0.004,-0.169,,,
-0.27,-0.315,-0.127,-0.413,,,
-0.109,-0.099,-0.064,-0.155,,,
-0.154,-0.184,-0.046,-0.262,,,
-0.098,-0.088,-0.045,-0.151,,,
-0.068,-0.092,0.031,-0.167,,,
-0.108,-0.156,0.097,-0.313,,,
-0.343,-0.447,-0.381,-0.306,,,
-0.151,-0.196,-0.112,-0.189,,,
-0.141,-0.263,0.019,-0.301,,,
-0.076,-0.137,0.167,-0.319,,,
-0.055,0.031,0.093,-0.202,,,
-0.071,-0.136,-0.056,-0.085,,,
-0.093,-0.049,-0.086,-0.099,,,
-0.065,-0.081,-0.027,-0.102,,,
-0.113,-0.116,-0.04,-0.185,,,
-0.16,-0.15,0.004,-0.325,,,
0.034,-0.011,0.375,-0.308,,,
0.029,-0.027,0.249,-0.19,,,
-0.233,-0.27,-0.054,-0.413,,,
-0.019,0.035,0.27,-0.308,,,
-0.239,-0.188,-0.182,-0.295,,,
-0.283,-0.238,-0.296,-0.27,,,
-0.115,-0.114,0.022,-0.251,,,
0.058,0.047,0.198,-0.083,,,
-0.008,0.006,0.113,-0.129,,,
-0.13,-0.158,0.028,-0.287,,,
-0.048,-0.061,0.118,-0.213,,,
-0.134,-0.132,0.009,-0.277,,,
-0.057,-0.043,0.109,-0.223,,,
-0.173,-0.137,0.03,-0.376,,,
-0.349,-0.255,-0.428,-0.27,,,
-0.019,0.102,0.168,-0.205,,,
-0.242,-0.201,-0.207,-0.277,,,
-0.11,-0.23,-0.031,-0.188,,,
-0.147,-0.053,-0.045,-0.248,,,
-0.111,-0.1,-0.039,-0.183,,,
-0.233,-0.227,-0.206,-0.26,,,
-0.18,-0.144,-0.203,-0.157,,,
-0.078,-0.089,0.02,-0.175,,,
-0.123,-0.134,-0.125,-0.121,,,
-0.09,-0.079,0.078,-0.258,,,
-0.181,-0.148,-0.046,-0.316,,,
-0.212,-0.244,-0.174,-0.251,,,
-0.3,-0.359,-0.36,-0.24,,,
-0.37,-0.302,-0.371,-0.369,,,
-0.216,-0.22,-0.091,-0.342,,,
-0.244,-0.219,-0.227,-0.26,,,
-0.137,-0.13,-0.068,-0.207,,,
-0.105,-0.111,-0.109,-0.101,,,
-0.107,-0.076,-0.209,-0.004,,,
-0.153,-0.142,-0.174,-0.131,,,
-0.245,-0.147,-0.149,-0.341,,,
-0.201,-0.163,-0.106,-0.297,,,
-0.381,-0.438,-0.334,-0.427,,,
-0.261,-0.307,-0.091,-0.431,,,
-0.36,-0.395,-0.355,-0.366,,,
-0.509,-0.501,-0.578,-0.44,,,
-0.262,-0.326,-0.221,-0.303,,,
-0.108,-0.13,0.05,-0.266,,,
0.032,-0.044,0.162,-0.097,,,
0.06,0.028,0.072,0.048,,,
0.039,0.022,0.13,-0.052,,,
0.121,0.099,0.278,-0.035,,,
0.132,0.072,0.358,-0.093,,,
0.124,0.121,0.329,-0.081,,,
-0.072,-0.067,0.07,-0.214,,,
0.069,0.161,0.352,-0.213,,,
0.094,0.154,0.163,0.025,,,
0.068,0.095,0.131,0.006,,,
-0.164,-0.148,-0.275,-0.053,,,
0.046,0.036,0.151,-0.059,,,
0.022,0.015,0.181,-0.136,,,
0.023,0.02,0.17,-0.123,,,
0.09,0.088,0.143,0.037,,,
0.097,0.062,0.106,0.088,,,
0.096,0.08,0.187,0.005,,,
-0.017,-0.01,0.028,-0.061,,,
-0.132,-0.217,-0.193,-0.071,,,
-0.04,-0.083,0.046,-0.126,,,
-0.009,0.046,0.173,-0.191,,,
0.095,0.131,0.288,-0.098,,,
0.018,0.099,0.163,-0.127,,,
0.225,0.164,0.46,-0.011,,,
0.149,0.131,0.265,0.034,,,
0.14,0.147,0.198,0.083,,,
0.043,0.041,0.188,-0.101,,,
0.087,0.076,0.177,-0.003,,,
0.086,0.066,0.15,0.022,,,
0.083,0.063,0.223,-0.056,,,
-0.006,-0.081,0.068,-0.08,,,
0.019,0.081,0.126,-0.088,,,
-0.243,-0.258,-0.283,-0.204,,,
-0.089,-0.107,-0.036,-0.142,,,
-0.183,-0.156,-0.23,-0.137,,,
-0.115,-0.165,-0.017,-0.213,,,
-0.171,-0.212,-0.096,-0.245,,,
-0.13,-0.133,-0.023,-0.237,,,
-0.196,-0.204,-0.105,-0.287,,,
-0.102,-0.111,0.017,-0.22,,,
-0.113,-0.091,0.057,-0.284,,,
-0.012,-0.04,0.141,-0.165,,,
0.116,0.008,0.298,-0.065,,,
-0.164,-0.25,-0.096,-0.231,,,
0.106,0.114,0.388,-0.176,,,
-0.193,-0.189,-0.202,-0.183,,,
-0.396,-0.414,-0.541,-0.252,,,
-0.229,-0.262,-0.205,-0.253,,,
-0.239,-0.242,-0.147,-0.33,,,
-0.178,-0.172,-0.069,-0.288,,,
-0.208,-0.215,-0.11,-0.307,,,
-0.088,-0.078,0.005,-0.182,,,
-0.143,-0.132,-0.063,-0.223,,,
-0.113,-0.187,0.078,-0.305,,,
-0.321,-0.343,-0.334,-0.308,,,
-0.364,-0.368,-0.307,-0.422,,,
-0.24,-0.264,-0.087,-0.393,,,
-0.282,-0.378,-0.293,-0.272,,,
-0.356,-0.359,-0.331,-0.382,,,
-0.306,-0.356,-0.277,-0.336,,,
-0.336,-0.308,-0.361,-0.311,,,
-0.227,-0.242,-0.251,-0.202,,,
-0.211,-0.229,-0.275,-0.147,,,
-0.29,-0.287,-0.293,-0.286,,,
-0.273,-0.32,-0.367,-0.18,,,
-0.263,-0.263,-0.329,-0.197,,,
-0.215,-0.309,-0.306,-0.124,,,
-0.158,-0.244,-0.18,-0.135,,,
-0.222,-0.209,-0.218,-0.226,,,
-0.159,-0.172,-0.149,-0.168,,,
-0.198,-0.235,-0.278,-0.117,,,
-0.042,-0.091,-0.108,0.024,,,
0.032,0.033,-0.086,0.15,,,
0.065,0.066,0.039,0.09,,,
-0.063,-0.035,0.036,-0.161,,,
0.073,0.047,0.123,0.023,,,
0.041,0.016,0.07,0.013,,,
-0.001,-0.049,0.003,-0.004,,,
-0.004,0.014,0.007,-0.015,,,
0.052,0.112,0.131,-0.026,,,
0.255,0.237,0.525,-0.016,,,
0.093,0.122,0.192,-0.007,,,
0.005,-0.03,0.076,-0.065,,,
-0.07,-0.033,-0.041,-0.098,,,
0.016,-0.005,0.021,0.012,,,
-0.153,-0.044,0.012,-0.319,,,
-0.02,-0.001,-0.008,-0.032,,,
-0.083,-0.037,0.102,-0.268,,,
-0.115,-0.089,0.005,-0.234,,,
-0.019,-0.032,0.036,-0.075,,,
-0.039,-0.032,-0.043,-0.035,,,
-0.082,-0.024,0.115,-0.28,,,
0.014,0.042,0.206,-0.178,,,
-0.005,-0.006,0.1,-0.11,,,
0.017,0.029,0.131,-0.098,,,
0.026,0.007,0.107,-0.054,,,
-0.039,-0.041,-0.009,-0.068,,,
-0.002,0.019,0.071,-0.075,,,
-0.044,-0.012,-0.024,-0.063,,,
-0.041,-0.02,0.036,-0.119,,,
-0.141,-0.011,0.089,-0.371,,,
-0.071,-0.087,-0.057,-0.086,,,
-0.186,-0.167,-0.065,-0.307,,,
-0.103,-0.118,-0.02,-0.186,,,
-0.115,-0.082,0.028,-0.257,,,
0.023,0.045,0.328,-0.282,,,
-0.447,-0.371,-0.515,-0.379,,,
-0.262,-0.216,-0.234,-0.289,,,
-0.179,-0.194,-0.035,-0.324,,,
-0.126,-0.072,0.103,-0.355,,,
-0.114,-0.077,0.05,-0.278,,,
-0.006,-0.033,0.059,-0.071,,,
0.003,0.015,0.08,-0.074,,,
-0.031,-0.075,-0.014,-0.048,,,
-0.215,-0.202,-0.17,-0.26,,,
0.084,0.092,0.326,-0.158,,,
-0.052,-0.003,0.054,-0.159,,,
0.091,0.122,0.16,0.022,,,
-0.062,0.019,-0.023,-0.1,,,
0.061,0.045,0.077,0.045,,,
0.068,0.06,0.001,0.135,,,
0.088,0.071,0.092,0.083,,,
-0.04,-0.028,0.006,-0.086,,,
-0.017,-0.022,-0.015,-0.019,,,
-0.03,-0.067,-0.146,0.086,,,
-0.064,-0.088,-0.13,0.002,,,
-0.031,-0.074,0.013,-0.075,,,
-0.252,-0.175,-0.17,-0.333,,,
-0.057,0.008,0.179,-0.294,,,
0.012,0.081,0.221,-0.197,,,
0.019,-0.03,0.194,-0.156,,,
-0.026,-0.037,0.132,-0.184,,,
-0.182,-0.105,-0.052,-0.311,,,
-0.056,-0.103,-0.181,0.069,,,
-0.109,-0.05,0.039,-0.258,,,
-0.11,-0.07,-0.021,-0.199,,,
-0.075,-0.061,-0.084,-0.066,,,
-0.038,-0.023,0.039,-0.116,,,
-0.021,-0.053,0.064,-0.106,,,
-0.126,-0.084,0.047,-0.298,,,
-0.122,-0.113,0.056,-0.3,,,
0.04,0.091,0.367,-0.287,,,
-0.341,-0.224,-0.363,-0.319,,,
-0.179,-0.127,-0.05,-0.309,,,
-0.147,-0.087,-0.123,-0.171,,,
-0.067,-0.095,-0.101,-0.032,,,
0.06,0.044,0.076,0.043,,,
0.146,0.076,0.137,0.154,,,
0.122,0.07,0.096,0.148,,,
0.064,0.173,0.337,-0.209,,,
0.045,0.099,0.35,-0.26,,,
-0.063,-0.067,0.06,-0.185,,,
-0.195,-0.116,-0.085,-0.304,,,
-0.223,-0.186,-0.119,-0.327,,,
-0.383,-0.34,-0.51,-0.255,,,
-0.442,-0.309,-0.406,-0.477,,,
-0.374,-0.24,-0.217,-0.532,,,
-0.167,-0.21,-0.138,-0.195,,,
-0.201,-0.223,-0.179,-0.223,,,
-0.301,-0.312,-0.258,-0.343,,,
-0.405,-0.33,-0.326,-0.483,,,
-0.311,-0.337,-0.334,-0.288,,,
-0.299,-0.363,-0.287,-0.311,,,
-0.372,-0.427,-0.273,-0.47,,,
-0.162,-0.168,-0.086,-0.239,,,
-0.263,-0.311,-0.433,-0.093,,,
-0.26,-0.285,-0.197,-0.323,,,
-0.299,-0.319,-0.315,-0.282,,,
-0.192,-0.209,-0.222,-0.161,,,
-0.208,-0.169,-0.267,-0.149,,,
-0.267,-0.236,-0.231,-0.302,,,
-0.162,-0.169,-0.22,-0.104,,,
-0.245,-0.129,-0.238,-0.252,,,
-0.106,-0.091,-0.02,-0.191,,,
-0.144,-0.19,0.018,-0.305,,,
-0.146,-0.123,-0.13,-0.163,,,
-0.283,-0.163,-0.27,-0.296,,,
-0.168,-0.162,-0.093,-0.242,,,
-0.171,-0.14,-0.18,-0.162,,,
-0.17,-0.153,-0.273,-0.068,,,
-0.218,-0.199,-0.153,-0.284,,,
-0.105,-0.029,-0.012,-0.198,,,
0.003,-0.028,0.028,-0.022,,,
-0.102,-0.066,0.121,-0.325,,,
-0.087,-0.093,0.058,-0.231,,,
-0.238,-0.162,-0.136,-0.339,,,
-0.108,-0.132,-0.053,-0.163,,,
-0.141,-0.197,-0.104,-0.177,,,
-0.22,-0.239,-0.271,-0.168,,,
-0.328,-0.29,-0.445,-0.211,,,
-0.094,-0.105,0.042,-0.229,,,
-0.132,-0.124,0.008,-0.273,,,
0.057,0.024,0.164,-0.05,,,
-0.108,-0.134,-0.081,-0.135,,,
-0.068,-0.125,-0.023,-0.113,,,
-0.099,-0.126,-0.009,-0.189,,,
-0.125,-0.15,-0.066,-0.183,,,
-0.02,0.002,0.254,-0.295,,,
-0.12,-0.127,-0.051,-0.188,,,
-0.154,-0.214,0.008,-0.315,,,
-0.325,-0.308,-0.345,-0.304,,,
-0.268,-0.276,-0.215,-0.32,,,
-0.004,-0.034,0.255,-0.262,,,
-0.18,-0.232,-0.097,-0.264,,,
-0.226,-0.28,-0.104,-0.348,,,
-0.152,-0.18,-0.091,-0.212,,,
-0.195,-0.176,-0.144,-0.246,,,
-0.13,-0.135,-0.123,-0.137,,,
-0.226,-0.154,-0.092,-0.36,,,
0.008,-0.084,-0.069,0.086,,,
-0.135,-0.126,-0.279,0.009,,,
-0.191,-0.166,-0.365,-0.017,,,
-0.162,-0.233,-0.411,0.087,,,
-0.197,-0.233,-0.478,0.084,,,
-0.133,-0.067,-0.303,0.038,,,
0.049,0.037,-0.081,0.18,,,
0.065,0.067,-0.004,0.134,,,
0.006,-0.026,-0.131,0.143,,,
-0.109,-0.028,-0.047,-0.171,,,
-0.073,-0.019,-0.04,-0.106,,,
-0.013,-0.05,-0.028,0.001,,,
0.001,-0.034,-0.042,0.044,,,
0.023,0.061,0.073,-0.026,,,
0.167,0.12,0.289,0.045,,,
0.014,0.015,-0.043,0.071,,,
0.064,0.097,0.126,0.001,,,
-0.088,-0.124,-0.181,0.004,,,
-0.079,-0.012,-0.127,-0.032,,,
-0.141,-0.084,-0.148,-0.134,,,
-0.137,-0.082,-0.093,-0.181,,,
-0.112,-0.098,-0.116,-0.108,,,
-0.199,-0.14,-0.118,-0.281,,,
-0.031,-0.093,-0.109,0.047,,,
-0.06,-0.132,-0.24,0.119,,,
-0.058,-0.103,-0.071,-0.046,,,
-0.193,-0.222,-0.353,-0.033,,,
-0.144,-0.158,-0.197,-0.091,,,
-0.273,-0.345,-0.344,-0.201,,,
-0.337,-0.348,-0.373,-0.3,,,
-0.233,-0.274,-0.279,-0.187,,,
-0.198,-0.245,-0.223,-0.173,,,
-0.255,-0.276,-0.199,-0.312,,,
-0.185,-0.167,-0.201,-0.168,,,
-0.181,-0.208,-0.25,-0.112,,,
-0.126,-0.154,-0.182,-0.071,,,
-0.156,-0.195,-0.211,-0.101,,,
-0.153,-0.127,-0.074,-0.231,,,
-0.231,-0.241,-0.214,-0.247,,,
-0.379,-0.409,-0.688,-0.07,,,
-0.278,-0.314,-0.558,0.002,,,
-0.143,-0.159,-0.202,-0.084,,,
-0.128,-0.094,-0.191,-0.064,,,
-0.082,-0.077,-0.231,0.066,,,
-0.032,-0.024,-0.146,0.082,,,
-0.093,-0.032,-0.13,-0.056,,,
0.061,-0.008,-0.1,0.223,,,
-0.052,-0.063,-0.26,0.155,,,
-0.057,-0.011,-0.077,-0.037,,,
-0.052,-0.005,-0.269,0.165,,,
0.109,0.175,-0.147,0.364,,,
0.101,0.147,0.025,0.177,,,
0.159,0.255,0.254,0.065,,,
0.115,0.223,0.128,0.101,,,
0.199,0.153,0.141,0.257,,,
0.108,0.081,0.043,0.174,,,
0.106,0.109,0.099,0.113,,,
0.016,0.033,-0.039,0.071,,,
-0.028,0.008,-0.019,-0.036,,,
-0.035,-0.041,-0.122,0.052,,,
0.011,-0.047,-0.099,0.121,,,
-0.025,-0.089,-0.085,0.035,,,
-0.128,-0.104,-0.066,-0.19,,,
-0.282,-0.359,-0.395,-0.169,,,
-0.447,-0.412,-0.494,-0.399,,,
-0.237,-0.22,-0.159,-0.315,,,
-0.202,-0.177,-0.168,-0.235,,,
-0.127,-0.181,-0.243,-0.01,,,
-0.115,-0.146,-0.224,-0.007,,,
-0.136,-0.118,-0.154,-0.117,,,
0.023,-0.052,-0.118,0.164,,,
-0.093,-0.127,-0.157,-0.028,,,
-0.115,-0.197,-0.258,0.028,,,
-0.126,-0.208,-0.28,0.027,,,
-0.214,-0.228,-0.345,-0.082,,,
-0.097,-0.044,-0.039,-0.154,,,
-0.021,-0.072,0.047,-0.089,,,
-0.011,-0.059,-0.006,-0.016,,,
-0.052,-0.051,0.018,-0.122,,,
0.053,-0.053,-0.049,0.155,,,
-0.061,-0.068,-0.085,-0.036,,,
-0.105,-0.082,-0.127,-0.082,,,
-0.232,-0.151,-0.152,-0.313,,,
-0.14,-0.093,-0.139,-0.14,,,
-0.154,-0.214,-0.221,-0.087,,,
-0.264,-0.292,-0.35,-0.178,,,
-0.247,-0.286,-0.228,-0.265,,,
-0.17,-0.201,-0.033,-0.306,,,
-0.232,-0.284,-0.264,-0.2,,,
-0.337,-0.401,-0.448,-0.226,,,
-0.186,-0.162,-0.045,-0.327,,,
-0.359,-0.286,-0.309,-0.408,,,
-0.24,-0.221,-0.232,-0.248,,,
-0.173,-0.151,-0.27,-0.076,,,
-0.242,-0.178,-0.213,-0.272,,,
-0.151,-0.128,-0.094,-0.209,,,
-0.332,-0.297,-0.469,-0.195,,,
-0.139,-0.133,-0.334,0.055,,,
-0.029,-0.049,-0.311,0.252,,,
0.153,-0.024,-0.114,0.421,,,
0.104,0.117,-0.019,0.226,,,
0.075,0.149,0.049,0.1,,,
0.134,0.162,0.167,0.101,,,
0.228,0.127,0.204,0.251,,,
0.208,0.168,0.221,0.195,,,
0.143,0.098,0.064,0.221,,,
0.13,0.047,0.037,0.223,,,
-0.002,0.09,0.142,-0.146,,,
-0.016,0.069,-0.033,0,,,
0.121,0.193,0.232,0.01,,,
-0.04,-0.008,-0.004,-0.077,,,
0.037,0.073,0.12,-0.046,,,
0.074,0.022,0.077,0.071,,,
0.059,0.098,0.091,0.027,,,
0.053,-0.016,0.038,0.068,,,
0.012,-0.001,-0.094,0.117,,,
-0.055,-0.073,-0.172,0.062,,,
0.016,-0.01,-0.105,0.137,,,
-0.217,-0.12,-0.171,-0.263,,,
0.042,0.017,-0.014,0.098,,,
-0.06,-0.056,-0.046,-0.073,,,
0.092,0.106,0.151,0.033,,,
0.01,-0.028,-0.018,0.038,,,
0.052,0.038,-0.008,0.112,,,
-0.18,-0.078,-0.428,0.069,,,
0.067,0.077,-0.007,0.14,,,
0.077,0.013,-0.196,0.35,,,
-0.022,0.032,-0.035,-0.01,,,
0.05,0.108,0.035,0.065,,,
0.018,0.112,0.07,-0.034,,,
0.115,0.139,0.029,0.2,,,
0.173,0.143,0.16,0.186,,,
0.147,0.189,0.166,0.128,,,
0.208,0.189,0.142,0.273,,,
0.386,0.402,0.444,0.328,,,
0.253,0.2,0.192,0.314,,,
0.361,0.273,0.378,0.344,,,
0.217,0.129,-0.025,0.458,,,
0.234,0.203,0.124,0.344,,,
0.246,0.197,0.197,0.294,,,
0.132,0.135,0.156,0.108,,,
0.206,0.12,0.132,0.28,,,
0.164,0.099,0.115,0.214,,,
0.124,0.092,0.058,0.189,,,
0.097,0.068,0.151,0.043,,,
0.206,0.178,0.142,0.27,,,
0.114,0.133,0.051,0.176,,,
0.444,0.391,0.749,0.139,,,
0.337,0.267,0.558,0.115,,,
0.331,0.27,0.508,0.153,,,
0.199,0.209,0.336,0.062,,,
0.148,0.128,0.16,0.136,,,
0.245,0.179,0.261,0.228,,,
0.264,0.153,0.111,0.418,,,
0.312,0.183,0.172,0.452,,,
0.137,0.12,0.13,0.144,,,
0.055,0.073,0.217,-0.107,,,
0.166,0.136,0.326,0.005,,,
0.363,0.324,0.552,0.175,,,
-0.024,0.016,-0.147,0.099,,,
0.068,0.068,0.118,0.018,,,
-0.137,-0.077,-0.118,-0.156,,,
0.02,0.092,0.069,-0.028,,,
0.091,0.1,-0.001,0.182,,,
-0.001,0.02,-0.007,0.005,,,
0.076,0.041,0.019,0.132,,,
-0.046,0.048,-0.086,-0.005,,,
0.017,0.12,0.033,0,,,
0.041,0.059,-0.006,0.088,,,
0.029,0.048,-0.203,0.261,,,
0.277,0.292,0.209,0.346,,,
0.358,0.474,0.365,0.352,,,
0.336,0.377,0.24,0.433,,,
0.248,0.274,0.223,0.272,,,
0.175,0.176,-0.002,0.353,,,
0.222,0.188,-0.011,0.455,,,
0.167,0.18,0.102,0.231,,,
0.115,0.205,0.198,0.032,,,
0.284,0.249,0.261,0.307,,,
0.326,0.241,0.258,0.394,,,
0.113,0.151,0.094,0.133,,,
0.245,0.301,0.455,0.036,,,
0.096,0.135,0.123,0.069,,,
0.158,0.168,0.197,0.118,,,
0.02,0.063,-0.107,0.147,,,
0.144,0.099,0.073,0.215,,,
0.01,0.01,-0.094,0.114,,,
0.214,0.143,0.183,0.245,,,
-0.039,0.031,0.022,-0.099,,,
0.025,0.008,0.039,0.011,,,
0.089,0.087,0.021,0.157,,,
0.127,0.08,-0.016,0.271,,,
0.041,0.024,0.008,0.073,,,
-0.058,-0.062,-0.194,0.079,,,
-0.156,-0.227,-0.488,0.176,,,
0.116,0.062,0.056,0.175,,,
-0.104,-0.07,-0.323,0.115,,,
0.043,0.026,-0.15,0.236,,,
0.003,0.017,-0.158,0.163,,,
0.068,0.073,0.003,0.133,,,
0.121,-0.004,0.037,0.206,,,
-0.023,0,-0.149,0.103,,,
0.143,0.075,-0.029,0.315,,,
0.118,0.029,0.004,0.231,,,
0.039,0.055,-0.027,0.106,,,
0.018,-0.003,0.017,0.019,,,
0.055,0.068,0.094,0.017,,,
0.117,0.179,0.204,0.03,,,
0.309,0.166,0.292,0.326,,,
0.138,0.117,0.056,0.22,,,
0.135,0.135,0.116,0.154,,,
0.131,0.108,0.116,0.146,,,
0.04,0.11,0.078,0.002,,,
0.043,0.047,-0.039,0.125,,,
0.088,0.059,0.018,0.158,,,
0.024,0.071,-0.012,0.06,,,
0.051,0.117,0.001,0.101,,,
0.04,0.052,-0.057,0.137,,,
0.032,0.057,-0.03,0.094,,,
0.22,0.177,0.146,0.294,,,
0.316,0.366,0.369,0.263,,,
0.104,0.085,-0.087,0.295,,,
0.189,0.166,0.011,0.366,,,
0.169,0.202,0.19,0.149,,,
0.266,0.194,0.164,0.367,,,
0.348,0.329,0.262,0.434,,,
0.211,0.295,0.295,0.126,,,
0.266,0.332,0.33,0.202,,,
0.27,0.259,0.2,0.339,,,
0.186,0.245,0.028,0.345,,,
0.372,0.386,0.44,0.304,,,
0.459,0.46,0.485,0.433,,,
0.333,0.305,0.369,0.297,,,
0.385,0.337,0.342,0.428,,,
0.328,0.299,0.404,0.251,,,
0.319,0.274,0.338,0.301,,,
0.33,0.3,0.371,0.29,,,
0.256,0.235,0.377,0.134,,,
0.258,0.232,0.245,0.271,,,
0.258,0.258,0.252,0.264,,,
0.255,0.209,0.207,0.302,,,
0.029,0.104,0.037,0.02,,,
0.176,0.214,0.359,-0.007,,,
-0.026,0.078,-0.079,0.027,,,
0.237,0.219,0.375,0.1,,,
0.185,0.205,0.252,0.118,,,
0.15,0.16,0.26,0.039,,,
0.038,0.142,0.171,-0.095,,,
0.094,0.15,0.22,-0.033,,,
0.264,0.224,0.301,0.227,,,
0.252,0.244,0.256,0.248,,,
0.298,0.207,0.248,0.348,,,
0.26,0.223,0.246,0.274,,,
0.115,0.133,0.058,0.173,,,
0.284,0.274,0.3,0.268,,,
0.283,0.277,0.311,0.255,,,
0.279,0.364,0.33,0.228,,,
0.635,0.641,1.006,0.263,,,
0.494,0.441,0.672,0.316,,,
0.406,0.348,0.496,0.316,,,
0.315,0.334,0.472,0.159,,,
0.38,0.3,0.329,0.43,,,
0.281,0.305,0.393,0.169,,,
0.22,0.245,0.418,0.023,,,
0.386,0.4,0.45,0.323,,,
0.359,0.375,0.403,0.315,,,
0.289,0.309,0.288,0.29,,,
0.303,0.365,0.464,0.142,,,
0.407,0.374,0.505,0.309,,,
0.247,0.263,0.301,0.194,,,
0.436,0.445,0.537,0.335,,,
0.314,0.369,0.365,0.263,,,
0.433,0.374,0.454,0.413,,,
0.467,0.373,0.458,0.476,,,
0.362,0.318,0.351,0.373,,,
0.353,0.285,0.354,0.352,,,
0.251,0.253,0.32,0.182,,,
0.254,0.225,0.321,0.186,,,
0.238,0.183,0.192,0.284,,,
0.363,0.423,0.483,0.243,,,
0.348,0.378,0.409,0.288,,,
0.309,0.32,0.362,0.257,,,
0.162,0.191,0.071,0.253,,,
0.168,0.219,0.097,0.238,,,
0.156,0.181,0.028,0.285,,,
0.005,0.027,-0.046,0.056,,,
0.038,0.055,-0.059,0.135,,,
-0.09,-0.022,-0.164,-0.016,,,
-0.023,-0.011,-0.109,0.063,,,
-0.037,-0.035,-0.091,0.016,,,
0.099,0.135,0.181,0.017,,,
0.261,0.367,0.336,0.187,,,
0.283,0.325,0.497,0.07,,,
0.236,0.303,0.264,0.209,,,
0.195,0.199,0.223,0.167,,,
0.195,0.253,0.25,0.14,,,
0.164,0.254,0.255,0.074,,,
0.159,0.187,0.182,0.135,,,
0.084,0.156,0.061,0.107,,,
0.046,0.128,0.019,0.072,,,
0.151,0.165,0.174,0.127,,,
0.066,0.04,-0.136,0.267,,,
0.148,0.194,0.186,0.111,,,
0.2,0.256,0.272,0.129,,,
0.014,0.021,-0.029,0.057,,,
0.235,0.3,0.333,0.138,,,
0.256,0.274,0.406,0.105,,,
0.208,0.323,0.317,0.099,,,
0.314,0.304,0.371,0.258,,,
0.182,0.218,0.277,0.087,,,
0.173,0.248,0.344,0.003,,,
0.272,0.256,0.333,0.211,,,
0.347,0.365,0.54,0.154,,,
0.353,0.367,0.44,0.266,,,
0.247,0.302,0.277,0.218,,,
0.414,0.499,0.684,0.144,,,
0.64,0.683,1.06,0.22,,,
0.356,0.402,0.478,0.235,,,
0.427,0.363,0.721,0.133,,,
0.265,0.297,0.429,0.1,,,
0.378,0.389,0.565,0.192,,,
0.442,0.399,0.411,0.473,,,
0.392,0.428,0.564,0.219,,,
0.28,0.324,0.47,0.089,,,
0.379,0.397,0.589,0.17,,,
0.375,0.381,0.578,0.172,,,
0.174,0.199,0.274,0.074,,,
0.216,0.18,0.296,0.137,,,
0.462,0.395,0.583,0.341,,,
0.288,0.263,0.299,0.278,,,
0.252,0.188,0.211,0.292,,,
0.237,0.302,0.349,0.125,,,
0.217,0.24,0.26,0.173,,,
0.325,0.273,0.307,0.344,,,
0.351,0.254,0.198,0.505,,,
0.205,0.173,0.116,0.294,,,
0.128,0.182,0.104,0.151,,,
0.316,0.203,0.392,0.241,,,
0.323,0.284,0.388,0.259,,,
0.249,0.272,0.369,0.129,,,
0.304,0.374,0.5,0.109,,,
0.397,0.408,0.611,0.183,,,
0.378,0.332,0.536,0.219,,,
0.317,0.336,0.454,0.18,,,
0.492,0.478,0.563,0.421,,,
0.346,0.447,0.504,0.189,,,
0.406,0.494,0.514,0.298,,,
0.467,0.552,0.551,0.384,,,
0.572,0.615,0.714,0.43,,,
0.616,0.563,0.63,0.602,,,
0.524,0.567,0.471,0.576,,,
0.563,0.568,0.602,0.524,,,
0.797,0.84,0.938,0.656,,,
0.589,0.621,0.637,0.542,,,
0.651,0.731,0.908,0.394,,,
0.639,0.641,0.676,0.602,,,
0.668,0.651,0.754,0.582,,,
0.659,0.726,0.791,0.527,,,
0.645,0.658,0.796,0.495,,,
0.435,0.443,0.646,0.223,,,
0.411,0.448,0.565,0.257,,,
0.382,0.345,0.502,0.262,,,
0.488,0.518,0.755,0.22,,,
0.387,0.395,0.537,0.237,,,
0.604,0.641,0.96,0.248,,,
0.264,0.287,0.216,0.311,,,
0.269,0.38,0.513,0.026,,,
0.248,0.306,0.373,0.122,,,
0.325,0.321,0.334,0.315,,,
0.31,0.334,0.384,0.237,,,
0.303,0.279,0.37,0.235,,,
0.276,0.333,0.432,0.12,,,
0.307,0.296,0.446,0.168,,,
0.287,0.271,0.49,0.084,,,
0.314,0.411,0.66,-0.032,,,
0.181,0.261,0.335,0.028,,,
0.499,0.488,0.823,0.176,,,
0.445,0.43,0.73,0.16,,,
0.538,0.524,0.858,0.219,,,
0.306,0.307,0.527,0.085,,,
0.35,0.318,0.428,0.272,,,
0.326,0.302,0.442,0.21,,,
0.375,0.386,0.512,0.237,,,
0.311,0.347,0.402,0.22,,,
0.195,0.266,0.326,0.064,,,
0.245,0.2,0.218,0.272,,,
0.202,0.183,0.245,0.158,,,
0.364,0.399,0.524,0.204,,,
0.392,0.372,0.433,0.351,,,
0.52,0.552,0.674,0.367,,,
0.453,0.502,0.585,0.32,,,
0.489,0.46,0.616,0.362,,,
0.446,0.473,0.515,0.376,,,
0.509,0.5,0.61,0.409,,,
0.507,0.538,0.668,0.347,,,
0.493,0.466,0.576,0.409,,,
0.464,0.447,0.609,0.32,,,
0.692,0.636,0.983,0.401,,,
0.542,0.405,0.746,0.337,,,
0.647,0.693,0.861,0.434,,,
0.643,0.748,0.935,0.35,,,
0.799,0.746,0.993,0.606,,,
0.568,0.506,0.517,0.62,,,
0.503,0.477,0.477,0.529,,,
0.449,0.51,0.647,0.251,,,
0.569,0.54,0.643,0.496,,,
0.498,0.5,0.572,0.425,,,
0.502,0.467,0.628,0.375,,,
0.5,0.441,0.575,0.426,,,
0.494,0.494,0.723,0.266,,,
0.347,0.376,0.455,0.239,,,
0.654,0.643,0.881,0.427,,,
0.486,0.506,0.49,0.481,,,
0.484,0.488,0.57,0.398,,,
0.473,0.482,0.594,0.351,,,
0.522,0.523,0.71,0.335,,,
0.425,0.491,0.531,0.319,,,
0.484,0.526,0.66,0.307,,,
0.612,0.592,0.804,0.42,,,
0.575,0.586,0.789,0.36,,,
0.657,0.668,0.981,0.333,,,
0.499,0.503,0.69,0.308,,,
0.66,0.622,0.945,0.375,,,
0.509,0.547,0.665,0.352,,,
0.635,0.669,0.835,0.434,,,
0.528,0.588,0.736,0.321,,,
0.523,0.546,0.716,0.33,,,
0.351,0.361,0.49,0.212,,,
0.311,0.369,0.455,0.167,,,
0.237,0.405,0.49,-0.015,,,
0.458,0.455,0.577,0.34,,,
0.467,0.508,0.618,0.317,,,
0.523,0.529,0.672,0.373,,,
0.651,0.651,0.936,0.366,,,
0.415,0.4,0.413,0.417,,,
0.65,0.604,0.859,0.441,,,
0.534,0.435,0.672,0.395,,,
0.646,0.602,0.814,0.478,,,
0.632,0.644,0.891,0.372,,,
0.553,0.555,0.793,0.313,,,
0.569,0.591,0.781,0.357,,,
0.555,0.578,0.773,0.337,,,
0.581,0.572,0.719,0.443,,,
0.634,0.611,0.88,0.388,,,
0.684,0.655,0.933,0.436,,,
0.643,0.661,1.037,0.25,,,
0.601,0.498,0.824,0.378,,,
0.5,0.412,0.603,0.397,,,
0.646,0.608,0.897,0.394,,,
0.544,0.51,0.723,0.365,,,
0.486,0.45,0.615,0.358,,,
0.472,0.432,0.746,0.197,,,
0.572,0.568,0.778,0.366,,,
0.476,0.534,0.634,0.318,,,
0.633,0.574,0.74,0.527,,,
0.55,0.543,0.807,0.293,,,
0.614,0.599,0.954,0.274,,,
0.661,0.567,0.927,0.395,,,
0.717,0.722,1.114,0.321,,,
0.893,0.874,1.314,0.472,,,
0.64,0.609,0.893,0.387,,,
0.592,0.562,0.808,0.376,,,
0.726,0.637,1.101,0.351,,,
0.58,0.5,0.702,0.458,,,
0.501,0.457,0.646,0.355,,,
0.563,0.486,0.693,0.433,,,
0.584,0.491,0.758,0.409,,,
0.508,0.498,0.683,0.334,,,
0.559,0.496,0.811,0.307,,,
0.536,0.423,0.816,0.255,,,
0.419,0.38,0.76,0.078,,,
0.21,0.198,0.288,0.132,,,
0.269,0.275,0.47,0.069,,,
0.614,0.624,0.978,0.249,,,
0.448,0.371,0.642,0.254,,,
0.432,0.39,0.638,0.227,,,
0.384,0.414,0.623,0.145,,,
0.534,0.497,0.636,0.432,,,
0.453,0.485,0.638,0.267,,,
0.548,0.468,0.63,0.466,,,
0.591,0.585,0.891,0.291,,,
0.632,0.562,0.961,0.304,,,
0.472,0.44,0.666,0.278,,,
0.59,0.528,0.84,0.341,,,
0.471,0.494,0.645,0.298,,,
0.447,0.466,0.492,0.402,,,
0.528,0.561,0.678,0.378,,,
0.55,0.5,0.574,0.526,,,
0.623,0.599,0.666,0.581,,,
0.681,0.593,0.701,0.661,,,
0.622,0.663,0.721,0.523,,,
0.682,0.642,0.859,0.505,,,
0.62,0.586,0.815,0.426,,,
0.706,0.595,0.795,0.617,,,
0.64,0.53,0.695,0.586,,,
0.711,0.612,0.824,0.597,,,
0.79,0.654,0.941,0.64,,,
0.86,0.738,1.048,0.672,,,
0.834,0.759,1.184,0.483,,,
0.715,0.657,0.94,0.49,,,
0.645,0.64,0.872,0.418,,,
0.617,0.666,0.906,0.329,,,
0.615,0.606,0.881,0.348,,,
0.564,0.523,0.701,0.427,,,
0.642,0.556,0.903,0.382,,,
0.735,0.625,1.212,0.258,,,
0.437,0.367,0.623,0.251,,,
0.457,0.384,0.597,0.317,,,
0.429,0.386,0.509,0.349,,,
0.556,0.485,0.811,0.302,,,
0.602,0.562,0.83,0.374,,,
0.443,0.454,0.652,0.235,,,
0.548,0.551,0.761,0.335,,,
0.645,0.585,0.745,0.544,,,
0.651,0.561,0.75,0.552,,,
0.538,0.515,0.727,0.349,,,
0.576,0.514,0.886,0.266,,,
0.511,0.409,0.635,0.388,,,
0.495,0.472,0.799,0.19,,,
0.37,0.364,0.595,0.144,,,
0.465,0.364,0.599,0.331,,,
0.421,0.427,0.523,0.319,,,
0.61,0.648,0.998,0.223,,,
0.659,0.652,0.941,0.377,,,
0.629,0.639,0.94,0.319,,,
0.568,0.596,0.863,0.273,,,
0.645,0.625,0.808,0.482,,,
0.648,0.65,0.873,0.422,,,
0.732,0.633,0.883,0.581,,,
0.721,0.632,0.931,0.511,,,
0.464,0.344,0.459,0.469,,,
0.608,0.535,0.725,0.49,,,
0.527,0.587,0.659,0.394,,,
0.583,0.505,0.766,0.4,,,
0.575,0.507,0.722,0.428,,,
0.557,0.598,0.772,0.342,,,
0.659,0.575,0.757,0.561,,,
0.589,0.595,0.695,0.484,,,
0.635,0.613,0.767,0.504,,,
0.722,0.619,0.752,0.692,,,
0.65,0.585,0.843,0.458,,,
0.77,0.749,1.06,0.48,,,
0.608,0.591,0.802,0.413,,,
0.67,0.603,0.869,0.47,,,
0.491,0.41,0.651,0.33,,,
0.695,0.668,1.057,0.332,,,
0.736,0.728,1.028,0.444,,,
0.737,0.688,0.879,0.595,,,
0.617,0.686,0.837,0.398,,,
0.581,0.613,0.822,0.34,,,
0.734,0.746,0.998,0.47,,,
0.757,0.717,0.911,0.602,,,
0.742,0.711,0.987,0.498,,,
0.63,0.567,0.828,0.432,,,
0.685,0.724,1.026,0.344,,,
0.74,0.788,1.066,0.414,,,
0.782,0.772,1.064,0.5,,,
0.795,0.793,1.111,0.479,,,
0.701,0.75,0.995,0.407,,,
0.731,0.787,1.016,0.446,,,
0.76,0.811,1.073,0.446,,,
0.715,0.781,0.959,0.47,,,
0.799,0.826,1.066,0.532,,,
0.826,0.884,1.214,0.439,,,
1.015,0.919,1.272,0.759,,,
0.996,0.919,1.332,0.66,,,
1.042,1.104,1.404,0.679,,,
1.088,1.013,1.494,0.682,,,
1.224,1.2,1.743,0.704,,,
1.182,1.193,1.637,0.727,,,
1.03,1.026,1.406,0.653,,,
0.88,0.79,1.116,0.645,,,
0.777,0.819,1.151,0.403,,,
0.778,0.817,1.059,0.497,,,
0.949,0.863,1.137,0.76,,,
0.846,0.803,1.215,0.476,,,
0.819,0.675,1.022,0.616,,,
0.844,0.611,1.052,0.637,,,
0.779,0.69,1.031,0.528,,,
0.952,0.857,1.297,0.607,,,
1.067,0.972,1.399,0.736,,,
1.065,0.966,1.415,0.715,,,
0.846,0.838,1.174,0.518,,,
0.78,0.733,0.88,0.68,,,
0.658,0.726,0.897,0.418,,,
0.805,0.775,0.969,0.64,,,
0.811,0.827,1.051,0.571,,,
0.729,0.712,0.972,0.487,,,
0.809,0.7,0.986,0.633,,,
0.806,0.673,1.108,0.504,,,
0.815,0.727,1.237,0.393,,,
0.711,0.659,0.992,0.429,,,
0.796,0.637,1.144,0.448,,,
0.79,0.735,1.03,0.55,,,
0.822,0.735,0.958,0.686,,,
0.713,0.698,0.865,0.561,,,
0.738,0.674,0.877,0.598,,,
0.733,0.709,0.859,0.608,,,
0.735,0.684,0.859,0.61,,,
0.676,0.7,0.879,0.473,,,
0.869,0.781,1.138,0.601,,,
0.745,0.689,0.894,0.596,,,
0.824,0.768,1.021,0.628,,,
0.8,0.835,0.983,0.617,,,
0.844,0.78,0.996,0.692,,,
1.076,0.979,1.396,0.756,,,
0.939,0.879,1.18,0.697,,,
0.778,0.714,0.975,0.58,,,
0.809,0.787,1.121,0.497,,,
0.857,0.825,1.051,0.663,,,
0.858,0.834,1.149,0.568,,,
0.803,0.818,1.199,0.407,,,
0.956,0.846,1.269,0.642,,,
0.937,0.791,1.108,0.766,,,
1.037,0.959,1.297,0.777,,,
1.069,1.11,1.434,0.705,,,
1.113,1.103,1.596,0.631,,,
1.094,1.111,1.533,0.656,,,
1.063,0.899,1.338,0.787,,,
0.908,0.808,1.216,0.6,,,
0.825,0.774,1.11,0.54,,,
0.816,0.766,1.093,0.539,,,
0.801,0.837,1.104,0.498,,,
0.867,0.797,1.166,0.568,,,
0.811,0.711,1.168,0.454,,,
1.013,0.84,1.449,0.577,,,
0.693,0.629,1.102,0.283,,,
0.701,0.652,1.127,0.275,,,
0.565,0.583,0.864,0.265,,,
0.726,0.722,1.023,0.429,,,
0.76,0.703,1.15,0.37,,,
0.706,0.72,1.04,0.372,,,
0.713,0.787,1.111,0.315,,,
0.792,0.832,1.076,0.508,,,
0.799,0.81,1.017,0.582,,,
0.867,0.802,1.067,0.668,,,
0.907,0.801,1.214,0.601,,,
0.854,0.778,1.212,0.495,,,
0.854,0.778,1.212,0.495,,,
