time,sunspots,,
1749.08 ,58.0 ,,
1749.17 ,62.6 ,,
1749.25 ,70.0 ,,
1749.33 ,55.7 ,,
1749.42 ,85.0 ,,
1749.50 ,83.5 ,,
1749.58 ,94.8 ,,
1749.67 ,66.3 ,,
1749.75 ,75.9 ,,
1749.83 ,75.5 ,,
1749.92 ,158.6 ,,
1750.00 ,85.2 ,,
1750.08 ,73.3 ,,
1750.17 ,75.9 ,,
1750.25 ,89.2 ,,
1750.33 ,88.3 ,,
1750.42 ,90.0 ,,
1750.50 ,100.0 ,,
1750.58 ,85.4 ,,
1750.67 ,103.0 ,,
1750.75 ,91.2 ,,
1750.83 ,65.7 ,,
1750.92 ,63.3 ,,
1751.00 ,75.4 ,,
1751.08 ,70.0 ,,
1751.17 ,43.5 ,,
1751.25 ,45.3 ,,
1751.33 ,56.4 ,,
1751.42 ,60.7 ,,
1751.50 ,50.7 ,,
1751.58 ,66.3 ,,
1751.67 ,59.8 ,,
1751.75 ,23.5 ,,
1751.83 ,23.2 ,,
1751.92 ,28.5 ,,
1752.00 ,44.0 ,,
1752.08 ,35.0 ,,
1752.17 ,50.0 ,,
1752.25 ,71.0 ,,
1752.33 ,59.3 ,,
1752.42 ,59.7 ,,
1752.50 ,39.6 ,,
1752.58 ,78.4 ,,
1752.67 ,29.3 ,,
1752.75 ,27.1 ,,
1752.83 ,46.6 ,,
1752.92 ,37.6 ,,
1753.00 ,40.0 ,,
1753.08 ,44.0 ,,
1753.17 ,32.0 ,,
1753.25 ,45.7 ,,
1753.33 ,38.0 ,,
1753.42 ,36.0 ,,
1753.50 ,31.7 ,,
1753.58 ,22.2 ,,
1753.67 ,39.0 ,,
1753.75 ,28.0 ,,
1753.83 ,25.0 ,,
1753.92 ,20.0 ,,
1754.00 ,6.7 ,,
1754.08 ,0.0 ,,
1754.17 ,3.0 ,,
1754.25 ,1.7 ,,
1754.33 ,13.7 ,,
1754.42 ,20.7 ,,
1754.50 ,26.7 ,,
1754.58 ,18.8 ,,
1754.67 ,12.3 ,,
1754.75 ,8.2 ,,
1754.83 ,24.1 ,,
1754.92 ,13.2 ,,
1755.00 ,4.2 ,,
1755.08 ,10.2 ,,
1755.17 ,11.2 ,,
1755.25 ,6.8 ,,
1755.33 ,6.5 ,,
1755.42 ,0.0 ,,
1755.50 ,0.0 ,,
1755.58 ,8.6 ,,
1755.67 ,3.2 ,,
1755.75 ,17.8 ,,
1755.83 ,23.7 ,,
1755.92 ,6.8 ,,
1756.00 ,20.0 ,,
1756.08 ,12.5 ,,
1756.17 ,7.1 ,,
1756.25 ,5.4 ,,
1756.33 ,9.4 ,,
1756.42 ,12.5 ,,
1756.50 ,12.9 ,,
1756.58 ,3.6 ,,
1756.67 ,6.4 ,,
1756.75 ,11.8 ,,
1756.83 ,14.3 ,,
1756.92 ,17.0 ,,
1757.00 ,9.4 ,,
1757.08 ,14.1 ,,
1757.17 ,21.2 ,,
1757.25 ,26.2 ,,
1757.33 ,30.0 ,,
1757.42 ,38.1 ,,
1757.50 ,12.8 ,,
1757.58 ,25.0 ,,
1757.67 ,51.3 ,,
1757.75 ,39.7 ,,
1757.83 ,32.5 ,,
1757.92 ,64.7 ,,
1758.00 ,33.5 ,,
1758.08 ,37.6 ,,
1758.17 ,52.0 ,,
1758.25 ,49.0 ,,
1758.33 ,72.3 ,,
1758.42 ,46.4 ,,
1758.50 ,45.0 ,,
1758.58 ,44.0 ,,
1758.67 ,38.7 ,,
1758.75 ,62.5 ,,
1758.83 ,37.7 ,,
1758.92 ,43.0 ,,
1759.00 ,43.0 ,,
1759.08 ,48.3 ,,
1759.17 ,44.0 ,,
1759.25 ,46.8 ,,
1759.33 ,47.0 ,,
1759.42 ,49.0 ,,
1759.50 ,50.0 ,,
1759.58 ,51.0 ,,
1759.67 ,71.3 ,,
1759.75 ,77.2 ,,
1759.83 ,59.7 ,,
1759.92 ,46.3 ,,
1760.00 ,57.0 ,,
1760.08 ,67.3 ,,
1760.17 ,59.5 ,,
1760.25 ,74.7 ,,
1760.33 ,58.3 ,,
1760.42 ,72.0 ,,
1760.50 ,48.3 ,,
1760.58 ,66.0 ,,
1760.67 ,75.6 ,,
1760.75 ,61.3 ,,
1760.83 ,50.6 ,,
1760.92 ,59.7 ,,
1761.00 ,61.0 ,,
1761.08 ,70.0 ,,
1761.17 ,91.0 ,,
1761.25 ,80.7 ,,
1761.33 ,71.7 ,,
1761.42 ,107.2 ,,
1761.50 ,99.3 ,,
1761.58 ,94.1 ,,
1761.67 ,91.1 ,,
1761.75 ,100.7,,
1761.83 ,88.7 ,,
1761.92 ,89.7 ,,
1762.00 ,46.0 ,,
1762.08 ,43.8 ,,
1762.17 ,72.8 ,,
1762.25 ,45.7 ,,
1762.33 ,60.2 ,,
1762.42 ,39.9 ,,
1762.50 ,77.1 ,,
1762.58 ,33.8 ,,
1762.67 ,67.7 ,,
1762.75 ,68.5 ,,
1762.83 ,69.3 ,,
1762.92 ,77.8 ,,
1763.00 ,77.2 ,,
1763.08 ,56.5 ,,
1763.17 ,31.9 ,,
1763.25 ,34.2 ,,
1763.33 ,32.9 ,,
1763.42 ,32.7 ,,
1763.50 ,35.8 ,,
1763.58 ,54.2 ,,
1763.67 ,26.5 ,,
1763.75 ,68.1 ,,
1763.83 ,46.3 ,,
1763.92 ,60.9 ,,
1764.00 ,61.4 ,,
1764.08 ,59.7 ,,
1764.17 ,59.7 ,,
1764.25 ,40.2 ,,
1764.33 ,34.4 ,,
1764.42 ,44.3 ,,
1764.50 ,30.0 ,,
1764.58 ,30.0 ,,
1764.67 ,30.0 ,,
1764.75 ,28.2 ,,
1764.83 ,28.0 ,,
1764.92 ,26.0 ,,
1765.00 ,25.7 ,,
1765.08 ,24.0 ,,
1765.17 ,26.0 ,,
1765.25 ,25.0 ,,
1765.33 ,22.0 ,,
1765.42 ,20.2 ,,
1765.50 ,20.0 ,,
1765.58 ,27.0 ,,
1765.67 ,29.7 ,,
1765.75 ,16.0 ,,
1765.83 ,14.0 ,,
1765.92 ,14.0 ,,
1766.00 ,13.0 ,,
1766.08 ,12.0 ,,
1766.17 ,11.0 ,,
1766.25 ,36.6 ,,
1766.33 ,6.0 ,,
1766.42 ,26.8 ,,
1766.50 ,3.0 ,,
1766.58 ,3.3 ,,
1766.67 ,4.0 ,,
1766.75 ,4.3 ,,
1766.83 ,5.0 ,,
1766.92 ,5.7 ,,
1767.00 ,19.2 ,,
1767.08 ,27.4 ,,
1767.17 ,30.0 ,,
1767.25 ,43.0 ,,
1767.33 ,32.9 ,,
1767.42 ,29.8 ,,
1767.50 ,33.3 ,,
1767.58 ,21.9 ,,
1767.67 ,40.8 ,,
1767.75 ,42.7 ,,
1767.83 ,44.1 ,,
1767.92 ,54.7 ,,
1768.00 ,53.3 ,,
1768.08 ,53.5 ,,
1768.17 ,66.1 ,,
1768.25 ,46.3 ,,
1768.33 ,42.7 ,,
1768.42 ,77.7 ,,
1768.50 ,77.4 ,,
1768.58 ,52.6 ,,
1768.67 ,66.8 ,,
1768.75 ,74.8 ,,
1768.83 ,77.8 ,,
1768.92 ,90.6 ,,
1769.00 ,111.8,,
1769.08 ,73.9 ,,
1769.17 ,64.2 ,,
1769.25 ,64.3 ,,
1769.33 ,96.7 ,,
1769.42 ,73.6 ,,
1769.50 ,94.4 ,,
1769.58 ,118.6,,
1769.67 ,120.3 ,,
1769.75 ,148.8 ,,
1769.83 ,158.2 ,,
1769.92 ,148.1 ,,
1770.00 ,112.0 ,,
1770.08 ,104.0 ,,
1770.17 ,142.5 ,,
1770.25 ,80.1 ,,
1770.33 ,51.0 ,,
1770.42 ,70.1 ,,
1770.50 ,83.3 ,,
1770.58 ,109.8 ,,
1770.67 ,126.3 ,,
1770.75 ,104.4 ,,
1770.83 ,103.6 ,,
1770.92 ,132.2 ,,
1771.00 ,102.3 ,,
1771.08 ,36.0 ,,
1771.17 ,46.2 ,,
1771.25 ,46.7 ,,
1771.33 ,64.9 ,,
1771.42 ,152.7 ,,
1771.50 ,119.5 ,,
1771.58 ,67.7 ,,
1771.67 ,58.5 ,,
1771.75 ,101.4,,
1771.83 ,90.0 ,,
1771.92 ,99.7 ,,
1772.00 ,95.7 ,,
1772.08 ,100.9,,
1772.17 ,90.8 ,,
1772.25 ,31.1 ,,
1772.33 ,92.2 ,,
1772.42 ,38.0 ,,
1772.50 ,57.0 ,,
1772.58 ,77.3 ,,
1772.67 ,56.2 ,,
1772.75 ,50.5 ,,
1772.83 ,78.6 ,,
1772.92 ,61.3 ,,
1773.00 ,64.0 ,,
1773.08 ,54.6 ,,
1773.17 ,29.0 ,,
1773.25 ,51.2 ,,
1773.33 ,32.9 ,,
1773.42 ,41.1 ,,
1773.50 ,28.4 ,,
1773.58 ,27.7 ,,
1773.67 ,12.7 ,,
1773.75 ,29.3 ,,
1773.83 ,26.3 ,,
1773.92 ,40.9 ,,
1774.00 ,43.2 ,,
1774.08 ,46.8 ,,
1774.17 ,65.4 ,,
1774.25 ,55.7 ,,
1774.33 ,43.8 ,,
1774.42 ,51.3 ,,
1774.50 ,28.5 ,,
1774.58 ,17.5 ,,
1774.67 ,6.6 ,,
1774.75 ,7.9 ,,
1774.83 ,14.0 ,,
1774.92 ,17.7 ,,
1775.00 ,12.2 ,,
1775.08 ,4.4 ,,
1775.17 ,0.0 ,,
1775.25 ,11.6 ,,
1775.33 ,11.2 ,,
1775.42 ,3.9 ,,
1775.50 ,12.3 ,,
1775.58 ,1.0 ,,
1775.67 ,7.9 ,,
1775.75 ,3.2 ,,
1775.83 ,5.6 ,,
1775.92 ,15.1 ,,
1776.00 ,7.9 ,,
1776.08 ,21.7 ,,
1776.17 ,11.6 ,,
1776.25 ,6.3 ,,
1776.33 ,21.8 ,,
1776.42 ,11.2 ,,
1776.50 ,19.0 ,,
1776.58 ,1.0 ,,
1776.67 ,24.2 ,,
1776.75 ,16.0 ,,
1776.83 ,30.0 ,,
1776.92 ,35.0 ,,
1777.00 ,40.0 ,,
1777.08 ,45.0 ,,
1777.17 ,36.5 ,,
1777.25 ,39.0 ,,
1777.33 ,95.5 ,,
1777.42 ,80.3 ,,
1777.50 ,80.7 ,,
1777.58 ,95.0 ,,
1777.67 ,112,,
1777.75 ,116.2,,
1777.83 ,106.5,,
1777.92 ,146,,
1778.00 ,157.3,,
1778.08 ,177.3,,
1778.17 ,109.3,,
1778.25 ,134,,
1778.33 ,145,,
1778.42 ,238.9,,
1778.50 ,171.6,,
1778.58 ,153,,
1778.67 ,140,,
1778.75 ,171.7,,
1778.83 ,156.3,,
1778.92 ,150.3,,
1779.00 ,105,,
1779.08 ,114.7,,
1779.17 ,165.7,,
1779.25 ,118,,
1779.33 ,145,,
1779.42 ,140,,
1779.50 ,113.7,,
1779.58 ,143,,
1779.67 ,112,,
1779.75 ,111,,
1779.83 ,124,,
1779.92 ,114,,
1780.00 ,110,,
1780.08 ,70.0 ,,
1780.17 ,98.0 ,,
1780.25 ,98.0 ,,
1780.33 ,95.0 ,,
1780.42 ,107.2,,
1780.50 ,88.0 ,,
1780.58 ,86.0 ,,
1780.67 ,86.0 ,,
1780.75 ,93.7 ,,
1780.83 ,77.0 ,,
1780.92 ,60.0 ,,
1781.00 ,58.7 ,,
1781.08 ,98.7 ,,
1781.17 ,74.7 ,,
1781.25 ,53.0 ,,
1781.33 ,68.3 ,,
1781.42 ,104.7,,
1781.50 ,97.7 ,,
1781.58 ,73.5 ,,
1781.67 ,66.0 ,,
1781.75 ,51.0 ,,
1781.83 ,27.3 ,,
1781.92 ,67.0 ,,
1782.00 ,35.2 ,,
1782.08 ,54.0 ,,
1782.17 ,37.5 ,,
1782.25 ,37.0 ,,
1782.33 ,41.0 ,,
1782.42 ,54.3 ,,
1782.50 ,38.0 ,,
1782.58 ,37.0 ,,
1782.67 ,44.0 ,,
1782.75 ,34.0 ,,
1782.83 ,23.2 ,,
1782.92 ,31.5 ,,
1783.00 ,30.0 ,,
1783.08 ,28.0 ,,
1783.17 ,38.7 ,,
1783.25 ,26.7 ,,
1783.33 ,28.3 ,,
1783.42 ,23.0 ,,
1783.50 ,25.2 ,,
1783.58 ,32.2 ,,
1783.67 ,20.0 ,,
1783.75 ,18.0 ,,
1783.83 ,8.0 ,,
1783.92 ,15.0 ,,
1784.00 ,10.5 ,,
1784.08 ,13.0 ,,
1784.17 ,8.0 ,,
1784.25 ,11.0 ,,
1784.33 ,10.0 ,,
1784.42 ,6.0 ,,
1784.50 ,9.0 ,,
1784.58 ,6.0 ,,
1784.67 ,10.0 ,,
1784.75 ,10.0 ,,
1784.83 ,8.0 ,,
1784.92 ,17.0 ,,
1785.00 ,14.0 ,,
1785.08 ,6.5 ,,
1785.17 ,8.0 ,,
1785.25 ,9.0 ,,
1785.33 ,15.7 ,,
1785.42 ,20.7 ,,
1785.50 ,26.3 ,,
1785.58 ,36.3 ,,
1785.67 ,20.0 ,,
1785.75 ,32.0 ,,
1785.83 ,47.2 ,,
1785.92 ,40.2 ,,
1786.00 ,27.3 ,,
1786.08 ,37.2 ,,
1786.17 ,47.6 ,,
1786.25 ,47.7 ,,
1786.33 ,85.4 ,,
1786.42 ,92.3 ,,
1786.50 ,59.0 ,,
1786.58 ,83.0 ,,
1786.67 ,89.7 ,,
1786.75 ,111.5,,
1786.83 ,112.3,,
1786.92 ,116,,
1787.00 ,112.7,,
1787.08 ,134.7,,
1787.17 ,106,,
1787.25 ,87.4 ,,
1787.33 ,127.2,,
1787.42 ,134.8,,
1787.50 ,99.2 ,,
1787.58 ,128,,
1787.67 ,137.2,,
1787.75 ,157.3,,
1787.83 ,157,,
1787.92 ,141.5,,
1788.00 ,174,,
1788.08 ,138,,
1788.17 ,129.2,,
1788.25 ,143.3,,
1788.33 ,108.5,,
1788.42 ,113,,
1788.50 ,154.2,,
1788.58 ,141.5,,
1788.67 ,136,,
1788.75 ,141,,
1788.83 ,142,,
1788.92 ,94.7 ,,
1789.00 ,129.5,,
1789.08 ,114,,
1789.17 ,125.3,,
1789.25 ,120,,
1789.33 ,123.3,,
1789.42 ,123.5,,
1789.50 ,120,,
1789.58 ,117,,
1789.67 ,103,,
1789.75 ,112,,
1789.83 ,89.7 ,,
1789.92 ,134,,
1790.00 ,135.5,,
1790.08 ,103,,
1790.17 ,127.5,,
1790.25 ,96.3 ,,
1790.33 ,94.0 ,,
1790.42 ,93.0 ,,
1790.50 ,91.0 ,,
1790.58 ,69.3 ,,
1790.67 ,87.0 ,,
1790.75 ,77.3 ,,
1790.83 ,84.3 ,,
1790.92 ,82.0 ,,
1791.00 ,74.0 ,,
1791.08 ,72.7 ,,
1791.17 ,62.0 ,,
1791.25 ,74.0 ,,
1791.33 ,77.2 ,,
1791.42 ,73.7 ,,
1791.50 ,64.2 ,,
1791.58 ,71.0 ,,
1791.67 ,43.0 ,,
1791.75 ,66.5 ,,
1791.83 ,61.7 ,,
1791.92 ,67.0 ,,
1792.00 ,66.0 ,,
1792.08 ,58.0 ,,
1792.17 ,64.0 ,,
1792.25 ,63.0 ,,
1792.33 ,75.7 ,,
1792.42 ,62.0 ,,
1792.50 ,61.0 ,,
1792.58 ,45.8 ,,
1792.67 ,60.0 ,,
1792.75 ,59.0 ,,
1792.83 ,59.0 ,,
1792.92 ,57.0 ,,
1793.00 ,56.0 ,,
1793.08 ,56.0 ,,
1793.17 ,55.0 ,,
1793.25 ,55.5 ,,
1793.33 ,53.0 ,,
1793.42 ,52.3 ,,
1793.50 ,51.0 ,,
1793.58 ,50.0 ,,
1793.67 ,29.3 ,,
1793.75 ,24.0 ,,
1793.83 ,47.0 ,,
1793.92 ,44.0 ,,
1794.00 ,45.7 ,,
1794.08 ,45.0 ,,
1794.17 ,44.0 ,,
1794.25 ,38.0 ,,
1794.33 ,28.4 ,,
1794.42 ,55.7 ,,
1794.50 ,41.5 ,,
1794.58 ,41.0 ,,
1794.67 ,40.0 ,,
1794.75 ,11.1 ,,
1794.83 ,28.5 ,,
1794.92 ,67.4 ,,
1795.00 ,51.4 ,,
1795.08 ,21.4 ,,
1795.17 ,39.9 ,,
1795.25 ,12.6 ,,
1795.33 ,18.6 ,,
1795.42 ,31.0 ,,
1795.50 ,17.1 ,,
1795.58 ,12.9 ,,
1795.67 ,25.7 ,,
1795.75 ,13.5 ,,
1795.83 ,19.5 ,,
1795.92 ,25.0 ,,
1796.00 ,18.0 ,,
1796.08 ,22.0 ,,
1796.17 ,23.8 ,,
1796.25 ,15.7 ,,
1796.33 ,31.7 ,,
1796.42 ,21.0 ,,
1796.50 ,6.7 ,,
1796.58 ,26.9 ,,
1796.67 ,1.5 ,,
1796.75 ,18.4 ,,
1796.83 ,11.0 ,,
1796.92 ,8.4 ,,
1797.00 ,5.1 ,,
1797.08 ,14.4 ,,
1797.17 ,4.2 ,,
1797.25 ,4.0 ,,
1797.33 ,4.0 ,,
1797.42 ,7.3 ,,
1797.50 ,11.1 ,,
1797.58 ,4.3 ,,
1797.67 ,6.0 ,,
1797.75 ,5.7 ,,
1797.83 ,6.9 ,,
1797.92 ,5.8 ,,
1798.00 ,3.0 ,,
1798.08 ,2.0 ,,
1798.17 ,4.0 ,,
1798.25 ,12.4 ,,
1798.33 ,1.1 ,,
1798.42 ,0.0 ,,
1798.50 ,0.0 ,,
1798.58 ,0.0 ,,
1798.67 ,3.0 ,,
1798.75 ,2.4 ,,
1798.83 ,1.5 ,,
1798.92 ,12.5 ,,
1799.00 ,9.9 ,,
1799.08 ,1.6 ,,
1799.17 ,12.6 ,,
1799.25 ,21.7 ,,
1799.33 ,8.4 ,,
1799.42 ,8.2 ,,
1799.50 ,10.6 ,,
1799.58 ,2.1 ,,
1799.67 ,0.0 ,,
1799.75 ,0.0 ,,
1799.83 ,4.6 ,,
1799.92 ,2.7 ,,
1800.00 ,8.6 ,,
1800.08 ,6.9 ,,
1800.17 ,9.3 ,,
1800.25 ,13.9 ,,
1800.33 ,0.0 ,,
1800.42 ,5.0 ,,
1800.50 ,23.7 ,,
1800.58 ,21.0 ,,
1800.67 ,19.5 ,,
1800.75 ,11.5 ,,
1800.83 ,12.3 ,,
1800.92 ,10.5 ,,
1801.00 ,40.1 ,,
1801.08 ,27.0 ,,
1801.17 ,29.0 ,,
1801.25 ,30.0 ,,
1801.33 ,31.0 ,,
1801.42 ,32.0 ,,
1801.50 ,31.2 ,,
1801.58 ,35.0 ,,
1801.67 ,38.7 ,,
1801.75 ,33.5 ,,
1801.83 ,32.6 ,,
1801.92 ,39.8 ,,
1802.00 ,48.2 ,,
1802.08 ,47.8 ,,
1802.17 ,47.0 ,,
1802.25 ,40.8 ,,
1802.33 ,42.0 ,,
1802.42 ,44.0 ,,
1802.50 ,46.0 ,,
1802.58 ,48.0 ,,
1802.67 ,50.0 ,,
1802.75 ,51.8 ,,
1802.83 ,38.5 ,,
1802.92 ,34.5 ,,
1803.00 ,50.0 ,,
1803.08 ,50.0 ,,
1803.17 ,50.8 ,,
1803.25 ,29.5 ,,
1803.33 ,25.0 ,,
1803.42 ,44.3 ,,
1803.50 ,36.0 ,,
1803.58 ,48.3 ,,
1803.67 ,34.1 ,,
1803.75 ,45.3 ,,
1803.83 ,54.3 ,,
1803.92 ,51.0 ,,
1804.00 ,48.0 ,,
1804.08 ,45.3 ,,
1804.17 ,48.3 ,,
1804.25 ,48.0 ,,
1804.33 ,50.6 ,,
1804.42 ,33.4 ,,
1804.50 ,34.8 ,,
1804.58 ,29.8 ,,
1804.67 ,43.1 ,,
1804.75 ,53.0 ,,
1804.83 ,62.3 ,,
1804.92 ,61.0 ,,
1805.00 ,60.0 ,,
1805.08 ,61.0 ,,
1805.17 ,44.1 ,,
1805.25 ,51.4 ,,
1805.33 ,37.5 ,,
1805.42 ,39.0 ,,
1805.50 ,40.5 ,,
1805.58 ,37.6 ,,
1805.67 ,42.7 ,,
1805.75 ,44.4 ,,
1805.83 ,29.4 ,,
1805.92 ,41.0 ,,
1806.00 ,38.3 ,,
1806.08 ,39.0 ,,
1806.17 ,29.6 ,,
1806.25 ,32.7 ,,
1806.33 ,27.7 ,,
1806.42 ,26.4 ,,
1806.50 ,25.6 ,,
1806.58 ,30.0 ,,
1806.67 ,26.3 ,,
1806.75 ,24.0 ,,
1806.83 ,27.0 ,,
1806.92 ,25.0 ,,
1807.00 ,24.0 ,,
1807.08 ,12.0 ,,
1807.17 ,12.2 ,,
1807.25 ,9.6 ,,
1807.33 ,23.8 ,,
1807.42 ,10.0 ,,
1807.50 ,12.0 ,,
1807.58 ,12.7 ,,
1807.67 ,12.0 ,,
1807.75 ,5.7 ,,
1807.83 ,8.0 ,,
1807.92 ,2.6 ,,
1808.00 ,0.0 ,,
1808.08 ,0.0 ,,
1808.17 ,4.5 ,,
1808.25 ,0.0 ,,
1808.33 ,12.3 ,,
1808.42 ,13.5 ,,
1808.50 ,13.5 ,,
1808.58 ,6.7 ,,
1808.67 ,8.0 ,,
1808.75 ,11.7 ,,
1808.83 ,4.7 ,,
1808.92 ,10.5 ,,
1809.00 ,12.3 ,,
1809.08 ,7.2 ,,
1809.17 ,9.2 ,,
1809.25 ,0.9 ,,
1809.33 ,2.5 ,,
1809.42 ,2.0 ,,
1809.50 ,7.7 ,,
1809.58 ,0.3 ,,
1809.67 ,0.2 ,,
1809.75 ,0.4 ,,
1809.83 ,0.0 ,,
1809.92 ,0.0 ,,
1810.00 ,0.0 ,,
1810.08 ,0.0 ,,
1810.17 ,0.0 ,,
1810.25 ,0.0 ,,
1810.33 ,0.0 ,,
1810.42 ,0.0 ,,
1810.50 ,0.0 ,,
1810.58 ,0.0 ,,
1810.67 ,0.0 ,,
1810.75 ,0.0 ,,
1810.83 ,0.0 ,,
1810.92 ,0.0 ,,
1811.00 ,0.0 ,,
1811.08 ,0.0 ,,
1811.17 ,0.0 ,,
1811.25 ,0.0 ,,
1811.33 ,0.0 ,,
1811.42 ,0.0 ,,
1811.50 ,0.0 ,,
1811.58 ,6.6 ,,
1811.67 ,0.0 ,,
1811.75 ,2.4 ,,
1811.83 ,6.1 ,,
1811.92 ,0.8 ,,
1812.00 ,1.1 ,,
1812.08 ,11.3 ,,
1812.17 ,1.9 ,,
1812.25 ,0.7 ,,
1812.33 ,0.0 ,,
1812.42 ,1.0 ,,
1812.50 ,1.3 ,,
1812.58 ,0.5 ,,
1812.67 ,15.6 ,,
1812.75 ,5.2 ,,
1812.83 ,3.9 ,,
1812.92 ,7.9 ,,
1813.00 ,10.1 ,,
1813.08 ,0.0 ,,
1813.17 ,10.3 ,,
1813.25 ,1.9 ,,
1813.33 ,16.6 ,,
1813.42 ,5.5 ,,
1813.50 ,11.2 ,,
1813.58 ,18.3 ,,
1813.67 ,8.4 ,,
1813.75 ,15.3 ,,
1813.83 ,27.8 ,,
1813.92 ,16.7 ,,
1814.00 ,14.3 ,,
1814.08 ,22.2 ,,
1814.17 ,12.0 ,,
1814.25 ,5.7 ,,
1814.33 ,23.8 ,,
1814.42 ,5.8 ,,
1814.50 ,14.9 ,,
1814.58 ,18.5 ,,
1814.67 ,2.3 ,,
1814.75 ,8.1 ,,
1814.83 ,19.3 ,,
1814.92 ,14.5 ,,
1815.00 ,20.1 ,,
1815.08 ,19.2 ,,
1815.17 ,32.2 ,,
1815.25 ,26.2 ,,
1815.33 ,31.6 ,,
1815.42 ,9.8 ,,
1815.50 ,55.9 ,,
1815.58 ,35.5 ,,
1815.67 ,47.2 ,,
1815.75 ,31.5 ,,
1815.83 ,33.5 ,,
1815.92 ,37.2 ,,
1816.00 ,65.0 ,,
1816.08 ,26.3 ,,
1816.17 ,68.8 ,,
1816.25 ,73.7 ,,
1816.33 ,58.8 ,,
1816.42 ,44.3 ,,
1816.50 ,43.6 ,,
1816.58 ,38.8 ,,
1816.67 ,23.2 ,,
1816.75 ,47.8 ,,
1816.83 ,56.4 ,,
1816.92 ,38.1 ,,
1817.00 ,29.9 ,,
1817.08 ,36.4 ,,
1817.17 ,57.9 ,,
1817.25 ,96.2 ,,
1817.33 ,26.4 ,,
1817.42 ,21.2 ,,
1817.50 ,40.0 ,,
1817.58 ,50.0 ,,
1817.67 ,45.0 ,,
1817.75 ,36.7 ,,
1817.83 ,25.6 ,,
1817.92 ,28.9 ,,
1818.00 ,28.4 ,,
1818.08 ,34.9 ,,
1818.17 ,22.4 ,,
1818.25 ,25.4 ,,
1818.33 ,34.5 ,,
1818.42 ,53.1 ,,
1818.50 ,36.4 ,,
1818.58 ,28.0 ,,
1818.67 ,31.5 ,,
1818.75 ,26.1 ,,
1818.83 ,31.7 ,,
1818.92 ,10.9 ,,
1819.00 ,25.8 ,,
1819.08 ,32.5 ,,
1819.17 ,20.7 ,,
1819.25 ,3.7 ,,
1819.33 ,20.2 ,,
1819.42 ,19.6 ,,
1819.50 ,35.0 ,,
1819.58 ,31.4 ,,
1819.67 ,26.1 ,,
1819.75 ,14.9 ,,
1819.83 ,27.5 ,,
1819.92 ,25.1 ,,
1820.00 ,30.6 ,,
1820.08 ,19.2 ,,
1820.17 ,26.6 ,,
1820.25 ,4.5 ,,
1820.33 ,19.4 ,,
1820.42 ,29.3 ,,
1820.50 ,10.8 ,,
1820.58 ,20.6 ,,
1820.67 ,25.9 ,,
1820.75 ,5.2 ,,
1820.83 ,9.0 ,,
1820.92 ,7.9 ,,
1821.00 ,9.7 ,,
1821.08 ,21.5 ,,
1821.17 ,4.3 ,,
1821.25 ,5.7 ,,
1821.33 ,9.2 ,,
1821.42 ,1.7 ,,
1821.50 ,1.8 ,,
1821.58 ,2.5 ,,
1821.67 ,4.8 ,,
1821.75 ,4.4 ,,
1821.83 ,18.8 ,,
1821.92 ,4.4 ,,
1822.00 ,0.0 ,,
1822.08 ,0.0 ,,
1822.17 ,0.9 ,,
1822.25 ,16.1 ,,
1822.33 ,13.5 ,,
1822.42 ,1.5 ,,
1822.50 ,5.6 ,,
1822.58 ,7.9 ,,
1822.67 ,2.1 ,,
1822.75 ,0.0 ,,
1822.83 ,0.4 ,,
1822.92 ,0.0 ,,
1823.00 ,0.0 ,,
1823.08 ,0.0 ,,
1823.17 ,0.0 ,,
1823.25 ,0.6 ,,
1823.33 ,0.0 ,,
1823.42 ,0.0 ,,
1823.50 ,0.0 ,,
1823.58 ,0.5 ,,
1823.67 ,0.0 ,,
1823.75 ,0.0 ,,
1823.83 ,0.0 ,,
1823.92 ,0.0 ,,
1824.00 ,20.4 ,,
1824.08 ,21.6 ,,
1824.17 ,10.8 ,,
1824.25 ,0.0 ,,
1824.33 ,19.4 ,,
1824.42 ,2.8 ,,
1824.50 ,0.0 ,,
1824.58 ,0.0 ,,
1824.67 ,1.4 ,,
1824.75 ,20.5 ,,
1824.83 ,25.2 ,,
1824.92 ,0.0 ,,
1825.00 ,0.8 ,,
1825.08 ,5.0 ,,
1825.17 ,15.5 ,,
1825.25 ,22.4 ,,
1825.33 ,3.8 ,,
1825.42 ,15.4 ,,
1825.50 ,15.4 ,,
1825.58 ,30.9 ,,
1825.67 ,25.4 ,,
1825.75 ,15.7 ,,
1825.83 ,15.6 ,,
1825.92 ,11.7 ,,
1826.00 ,22.0 ,,
1826.08 ,17.7 ,,
1826.17 ,18.2 ,,
1826.25 ,36.7 ,,
1826.33 ,24.0 ,,
1826.42 ,32.4 ,,
1826.50 ,37.1 ,,
1826.58 ,52.5 ,,
1826.67 ,39.6 ,,
1826.75 ,18.9 ,,
1826.83 ,50.6 ,,
1826.92 ,39.5 ,,
1827.00 ,68.1 ,,
1827.08 ,34.6 ,,
1827.17 ,47.4 ,,
1827.25 ,57.8 ,,
1827.33 ,46.0 ,,
1827.42 ,56.3 ,,
1827.50 ,56.7 ,,
1827.58 ,42.9 ,,
1827.67 ,53.7 ,,
1827.75 ,49.6 ,,
1827.83 ,57.2 ,,
1827.92 ,48.2 ,,
1828.00 ,46.1 ,,
1828.08 ,52.8 ,,
1828.17 ,64.4 ,,
1828.25 ,65.0 ,,
1828.33 ,61.1 ,,
1828.42 ,89.1 ,,
1828.50 ,98.0 ,,
1828.58 ,54.3 ,,
1828.67 ,76.4 ,,
1828.75 ,50.4 ,,
1828.83 ,54.7 ,,
1828.92 ,57.0 ,,
1829.00 ,46.6 ,,
1829.08 ,43.0 ,,
1829.17 ,49.4 ,,
1829.25 ,72.3 ,,
1829.33 ,95.0 ,,
1829.42 ,67.5 ,,
1829.50 ,73.9 ,,
1829.58 ,90.8 ,,
1829.67 ,78.3 ,,
1829.75 ,52.8 ,,
1829.83 ,57.2 ,,
1829.92 ,67.6 ,,
1830.00 ,56.5 ,,
1830.08 ,52.2 ,,
1830.17 ,72.1 ,,
1830.25 ,84.6 ,,
1830.33 ,107.1,,
1830.42 ,66.3 ,,
1830.50 ,65.1 ,,
1830.58 ,43.9 ,,
1830.67 ,50.7 ,,
1830.75 ,62.1 ,,
1830.83 ,84.4 ,,
1830.92 ,81.2 ,,
1831.00 ,82.1 ,,
1831.08 ,47.5 ,,
1831.17 ,50.1 ,,
1831.25 ,93.4 ,,
1831.33 ,54.6 ,,
1831.42 ,38.1 ,,
1831.50 ,33.4 ,,
1831.58 ,45.2 ,,
1831.67 ,54.9 ,,
1831.75 ,37.9 ,,
1831.83 ,46.2 ,,
1831.92 ,43.5 ,,
1832.00 ,28.9 ,,
1832.08 ,30.9 ,,
1832.17 ,55.5 ,,
1832.25 ,55.1 ,,
1832.33 ,26.9 ,,
1832.42 ,41.3 ,,
1832.50 ,26.7 ,,
1832.58 ,13.9 ,,
1832.67 ,8.9 ,,
1832.75 ,8.2 ,,
1832.83 ,21.1 ,,
1832.92 ,14.3 ,,
1833.00 ,27.5 ,,
1833.08 ,11.3 ,,
1833.17 ,14.9 ,,
1833.25 ,11.8 ,,
1833.33 ,2.8 ,,
1833.42 ,12.9 ,,
1833.50 ,1.0 ,,
1833.58 ,7.0 ,,
1833.67 ,5.7 ,,
1833.75 ,11.6 ,,
1833.83 ,7.5 ,,
1833.92 ,5.9 ,,
1834.00 ,9.9 ,,
1834.08 ,4.9 ,,
1834.17 ,18.1 ,,
1834.25 ,3.9 ,,
1834.33 ,1.4 ,,
1834.42 ,8.8 ,,
1834.50 ,7.8 ,,
1834.58 ,8.7 ,,
1834.67 ,4.0 ,,
1834.75 ,11.5 ,,
1834.83 ,24.8 ,,
1834.92 ,30.5 ,,
1835.00 ,34.5 ,,
1835.08 ,7.5 ,,
1835.17 ,24.5 ,,
1835.25 ,19.7 ,,
1835.33 ,61.5 ,,
1835.42 ,43.6 ,,
1835.50 ,33.2 ,,
1835.58 ,59.8 ,,
1835.67 ,59.0 ,,
1835.75 ,100.8,,
1835.83 ,95.2 ,,
1835.92 ,100,,
1836.00 ,77.5 ,,
1836.08 ,88.6 ,,
1836.17 ,107.6,,
1836.25 ,98.1 ,,
1836.33 ,142.9,,
1836.42 ,111.4,,
1836.50 ,124.7,,
1836.58 ,116.7,,
1836.67 ,107.8,,
1836.75 ,95.1 ,,
1836.83 ,137.4,,
1836.92 ,120.9,,
1837.00 ,206.2,,
1837.08 ,188,,
1837.17 ,175.6,,
1837.25 ,134.6,,
1837.33 ,138.2,,
1837.42 ,111.3,,
1837.50 ,158,,
1837.58 ,162.8,,
1837.67 ,134,,
1837.75 ,96.3 ,,
1837.83 ,123.7,,
1837.92 ,107,,
1838.00 ,129.8,,
1838.08 ,144.9,,
1838.17 ,84.8 ,,
1838.25 ,140.8,,
1838.33 ,126.6,,
1838.42 ,137.6,,
1838.50 ,94.5 ,,
1838.58 ,108.2,,
1838.67 ,78.8 ,,
1838.75 ,73.6 ,,
1838.83 ,90.8 ,,
1838.92 ,77.4 ,,
1839.00 ,79.8 ,,
1839.08 ,107.6,,
1839.17 ,102.5,,
1839.25 ,77.7 ,,
1839.33 ,61.8 ,,
1839.42 ,53.8 ,,
1839.50 ,54.6 ,,
1839.58 ,84.7 ,,
1839.67 ,131.2,,
1839.75 ,132.7,,
1839.83 ,90.8 ,,
1839.92 ,68.8 ,,
1840.00 ,63.6 ,,
1840.08 ,81.2 ,,
1840.17 ,87.7 ,,
1840.25 ,55.5 ,,
1840.33 ,65.9 ,,
1840.42 ,69.2 ,,
1840.50 ,48.5 ,,
1840.58 ,60.7 ,,
1840.67 ,57.8 ,,
1840.75 ,74.0 ,,
1840.83 ,49.8 ,,
1840.92 ,54.3 ,,
1841.00 ,53.7 ,,
1841.08 ,24.0 ,,
1841.17 ,29.9 ,,
1841.25 ,29.7 ,,
1841.33 ,42.6 ,,
1841.42 ,67.4 ,,
1841.50 ,55.7 ,,
1841.58 ,30.8 ,,
1841.67 ,39.3 ,,
1841.75 ,35.1 ,,
1841.83 ,28.5 ,,
1841.92 ,19.8 ,,
1842.00 ,38.8 ,,
1842.08 ,20.4 ,,
1842.17 ,22.1 ,,
1842.25 ,21.7 ,,
1842.33 ,26.9 ,,
1842.42 ,24.9 ,,
1842.50 ,20.5 ,,
1842.58 ,12.6 ,,
1842.67 ,26.5 ,,
1842.75 ,18.5 ,,
1842.83 ,38.1 ,,
1842.92 ,40.5 ,,
1843.00 ,17.6 ,,
1843.08 ,13.3 ,,
1843.17 ,3.5 ,,
1843.25 ,8.3 ,,
1843.33 ,8.8 ,,
1843.42 ,21.1 ,,
1843.50 ,10.5 ,,
1843.58 ,9.5 ,,
1843.67 ,11.8 ,,
1843.75 ,4.2 ,,
1843.83 ,5.3 ,,
1843.92 ,19.1 ,,
1844.00 ,12.7 ,,
1844.08 ,9.4 ,,
1844.17 ,14.7 ,,
1844.25 ,13.6 ,,
1844.33 ,20.8 ,,
1844.42 ,12.0 ,,
1844.50 ,3.7 ,,
1844.58 ,21.2 ,,
1844.67 ,23.9 ,,
1844.75 ,6.9 ,,
1844.83 ,21.5 ,,
1844.92 ,10.7 ,,
1845.00 ,21.6 ,,
1845.08 ,25.7 ,,
1845.17 ,43.6 ,,
1845.25 ,43.3 ,,
1845.33 ,56.9 ,,
1845.42 ,47.8 ,,
1845.50 ,31.1 ,,
1845.58 ,30.6 ,,
1845.67 ,32.3 ,,
1845.75 ,29.6 ,,
1845.83 ,40.7 ,,
1845.92 ,39.4 ,,
1846.00 ,59.7 ,,
1846.08 ,38.7 ,,
1846.17 ,51.0 ,,
1846.25 ,63.9 ,,
1846.33 ,69.2 ,,
1846.42 ,59.9 ,,
1846.50 ,65.1 ,,
1846.58 ,46.5 ,,
1846.67 ,54.8 ,,
1846.75 ,107.1,,
1846.83 ,55.9 ,,
1846.92 ,60.4 ,,
1847.00 ,65.5 ,,
1847.08 ,62.6 ,,
1847.17 ,44.9 ,,
1847.25 ,85.7 ,,
1847.33 ,44.7 ,,
1847.42 ,75.4 ,,
1847.50 ,85.3 ,,
1847.58 ,52.2 ,,
1847.67 ,140.6,,
1847.75 ,161.2,,
1847.83 ,180.4,,
1847.92 ,138.9,,
1848.00 ,109.6,,
1848.08 ,159.1,,
1848.17 ,111.8,,
1848.25 ,108.9,,
1848.33 ,107.1,,
1848.42 ,102.2,,
1848.50 ,123.8,,
1848.58 ,139.2,,
1848.67 ,132.5,,
1848.75 ,100.3,,
1848.83 ,132.4,,
1848.92 ,114.6,,
1849.00 ,159.9,,
1849.08 ,156.7,,
1849.17 ,131.7,,
1849.25 ,96.5 ,,
1849.33 ,102.5,,
1849.42 ,80.6 ,,
1849.50 ,81.2 ,,
1849.58 ,78.0 ,,
1849.67 ,61.3 ,,
1849.75 ,93.7 ,,
1849.83 ,71.5 ,,
1849.92 ,99.7 ,,
1850.00 ,97.0 ,,
1850.08 ,78.0 ,,
1850.17 ,89.4 ,,
1850.25 ,82.6 ,,
1850.33 ,44.1 ,,
1850.42 ,61.6 ,,
1850.50 ,70.0 ,,
1850.58 ,39.1 ,,
1850.67 ,61.6 ,,
1850.75 ,86.2 ,,
1850.83 ,71.0 ,,
1850.92 ,54.8 ,,
1851.00 ,60.0 ,,
1851.08 ,75.5 ,,
1851.17 ,105.4,,
1851.25 ,64.6 ,,
1851.33 ,56.5 ,,
1851.42 ,62.6 ,,
1851.50 ,63.2 ,,
1851.58 ,36.1 ,,
1851.67 ,57.4 ,,
1851.75 ,67.9 ,,
1851.83 ,62.5 ,,
1851.92 ,50.9 ,,
1852.00 ,71.4 ,,
1852.08 ,68.4 ,,
1852.17 ,67.5 ,,
1852.25 ,61.2 ,,
1852.33 ,65.4 ,,
1852.42 ,54.9 ,,
1852.50 ,46.9 ,,
1852.58 ,42.0 ,,
1852.67 ,39.7 ,,
1852.75 ,37.5 ,,
1852.83 ,67.3 ,,
1852.92 ,54.3 ,,
1853.00 ,45.4 ,,
1853.08 ,41.1 ,,
1853.17 ,42.9 ,,
1853.25 ,37.7 ,,
1853.33 ,47.6 ,,
1853.42 ,34.7 ,,
1853.50 ,40.0 ,,
1853.58 ,45.9 ,,
1853.67 ,50.4 ,,
1853.75 ,33.5 ,,
1853.83 ,42.3 ,,
1853.92 ,28.8 ,,
1854.00 ,23.4 ,,
1854.08 ,15.4 ,,
1854.17 ,20.0 ,,
1854.25 ,20.7 ,,
1854.33 ,26.4 ,,
1854.42 ,24.0 ,,
1854.50 ,21.1 ,,
1854.58 ,18.7 ,,
1854.67 ,15.8 ,,
1854.75 ,22.4 ,,
1854.83 ,12.7 ,,
1854.92 ,28.2 ,,
1855.00 ,21.4 ,,
1855.08 ,12.3 ,,
1855.17 ,11.4 ,,
1855.25 ,17.4 ,,
1855.33 ,4.4 ,,
1855.42 ,9.1 ,,
1855.50 ,5.3 ,,
1855.58 ,0.4 ,,
1855.67 ,3.1 ,,
1855.75 ,0.0 ,,
1855.83 ,9.7 ,,
1855.92 ,4.3 ,,
1856.00 ,3.1 ,,
1856.08 ,0.5 ,,
1856.17 ,4.9 ,,
1856.25 ,0.4 ,,
1856.33 ,6.5 ,,
1856.42 ,0.0 ,,
1856.50 ,5.0 ,,
1856.58 ,4.6 ,,
1856.67 ,5.9 ,,
1856.75 ,4.4 ,,
1856.83 ,4.5 ,,
1856.92 ,7.7 ,,
1857.00 ,7.2 ,,
1857.08 ,13.7 ,,
1857.17 ,7.4 ,,
1857.25 ,5.2 ,,
1857.33 ,11.1 ,,
1857.42 ,29.2 ,,
1857.50 ,16.0 ,,
1857.58 ,22.2 ,,
1857.67 ,16.9 ,,
1857.75 ,42.4 ,,
1857.83 ,40.6 ,,
1857.92 ,31.4 ,,
1858.00 ,37.2 ,,
1858.08 ,39.0 ,,
1858.17 ,34.9 ,,
1858.25 ,57.5 ,,
1858.33 ,38.3 ,,
1858.42 ,41.4 ,,
1858.50 ,44.5 ,,
1858.58 ,56.7 ,,
1858.67 ,55.3 ,,
1858.75 ,80.1 ,,
1858.83 ,91.2 ,,
1858.92 ,51.9 ,,
1859.00 ,66.9 ,,
1859.08 ,83.7 ,,
1859.17 ,87.6 ,,
1859.25 ,90.3 ,,
1859.33 ,85.7 ,,
1859.42 ,91.0 ,,
1859.50 ,87.1 ,,
1859.58 ,95.2 ,,
1859.67 ,106.8,,
1859.75 ,105.8,,
1859.83 ,114.6,,
1859.92 ,97.2 ,,
1860.00 ,81.0 ,,
1860.08 ,81.5 ,,
1860.17 ,88.0 ,,
1860.25 ,98.9 ,,
1860.33 ,71.4 ,,
1860.42 ,107.1,,
1860.50 ,108.6,,
1860.58 ,116.7,,
1860.67 ,100.3,,
1860.75 ,92.2 ,,
1860.83 ,90.1 ,,
1860.92 ,97.9 ,,
1861.00 ,95.6 ,,
1861.08 ,62.3 ,,
1861.17 ,77.8 ,,
1861.25 ,101,,
1861.33 ,98.5 ,,
1861.42 ,56.8 ,,
1861.50 ,87.8 ,,
1861.58 ,78.0 ,,
1861.67 ,82.5 ,,
1861.75 ,79.9 ,,
1861.83 ,67.2 ,,
1861.92 ,53.7 ,,
1862.00 ,80.5 ,,
1862.08 ,63.1 ,,
1862.17 ,64.5 ,,
1862.25 ,43.6 ,,
1862.33 ,53.7 ,,
1862.42 ,64.4 ,,
1862.50 ,84.0 ,,
1862.58 ,73.4 ,,
1862.67 ,62.5 ,,
1862.75 ,66.6 ,,
1862.83 ,42.0 ,,
1862.92 ,50.6 ,,
1863.00 ,40.9 ,,
1863.08 ,48.3 ,,
1863.17 ,56.7 ,,
1863.25 ,66.4 ,,
1863.33 ,40.6 ,,
1863.42 ,53.8 ,,
1863.50 ,40.8 ,,
1863.58 ,32.7 ,,
1863.67 ,48.1 ,,
1863.75 ,22.0 ,,
1863.83 ,39.9 ,,
1863.92 ,37.7 ,,
1864.00 ,41.2 ,,
1864.08 ,57.7 ,,
1864.17 ,47.1 ,,
1864.25 ,66.3 ,,
1864.33 ,35.8 ,,
1864.42 ,40.6 ,,
1864.50 ,57.8 ,,
1864.58 ,54.7 ,,
1864.67 ,54.8 ,,
1864.75 ,28.5 ,,
1864.83 ,33.9 ,,
1864.92 ,57.6 ,,
1865.00 ,28.6 ,,
1865.08 ,48.7 ,,
1865.17 ,39.3 ,,
1865.25 ,39.5 ,,
1865.33 ,29.4 ,,
1865.42 ,34.5 ,,
1865.50 ,33.6 ,,
1865.58 ,26.8 ,,
1865.67 ,37.8 ,,
1865.75 ,21.6 ,,
1865.83 ,17.1 ,,
1865.92 ,24.6 ,,
1866.00 ,12.8 ,,
1866.08 ,31.6 ,,
1866.17 ,38.4 ,,
1866.25 ,24.6 ,,
1866.33 ,17.6 ,,
1866.42 ,12.9 ,,
1866.50 ,16.5 ,,
1866.58 ,9.3 ,,
1866.67 ,12.7 ,,
1866.75 ,7.3 ,,
1866.83 ,14.1 ,,
1866.92 ,9.0 ,,
1867.00 ,1.5 ,,
1867.08 ,0.0 ,,
1867.17 ,0.7 ,,
1867.25 ,9.2 ,,
1867.33 ,5.1 ,,
1867.42 ,2.9 ,,
1867.50 ,1.5 ,,
1867.58 ,5.0 ,,
1867.67 ,4.9 ,,
1867.75 ,9.8 ,,
1867.83 ,13.5 ,,
1867.92 ,9.3 ,,
1868.00 ,25.2 ,,
1868.08 ,15.6 ,,
1868.17 ,15.8 ,,
1868.25 ,26.5 ,,
1868.33 ,36.6 ,,
1868.42 ,26.7 ,,
1868.50 ,31.1 ,,
1868.58 ,28.6 ,,
1868.67 ,34.4 ,,
1868.75 ,43.8 ,,
1868.83 ,61.7 ,,
1868.92 ,59.1 ,,
1869.00 ,67.6 ,,
1869.08 ,60.9 ,,
1869.17 ,59.3 ,,
1869.25 ,52.7 ,,
1869.33 ,41.0 ,,
1869.42 ,104,,
1869.50 ,108.4,,
1869.58 ,59.2 ,,
1869.67 ,79.6 ,,
1869.75 ,80.6 ,,
1869.83 ,59.4 ,,
1869.92 ,77.4 ,,
1870.00 ,104.3,,
1870.08 ,77.3 ,,
1870.17 ,114.9,,
1870.25 ,159.4,,
1870.33 ,160,,
1870.42 ,176,,
1870.50 ,135.6,,
1870.58 ,132.4,,
1870.67 ,153.8,,
1870.75 ,136,,
1870.83 ,146.4,,
1870.92 ,147.5,,
1871.00 ,130,,
1871.08 ,88.3 ,,
1871.17 ,125.3,,
1871.25 ,143.2,,
1871.33 ,162.4,,
1871.42 ,145.5,,
1871.50 ,91.7 ,,
1871.58 ,103,,
1871.67 ,110,,
1871.75 ,80.3 ,,
1871.83 ,89.0 ,,
1871.92 ,105.4,,
1872.00 ,90.3 ,,
1872.08 ,79.5 ,,
1872.17 ,120.1,,
1872.25 ,88.4 ,,
1872.33 ,102.1,,
1872.42 ,107.6,,
1872.50 ,109.9,,
1872.58 ,105.5,,
1872.67 ,92.9 ,,
1872.75 ,114.6,,
1872.83 ,103.5,,
1872.92 ,112,,
1873.00 ,83.9 ,,
1873.08 ,86.7 ,,
1873.17 ,107,,
1873.25 ,98.3 ,,
1873.33 ,76.2 ,,
1873.42 ,47.9 ,,
1873.50 ,44.8 ,,
1873.58 ,66.9 ,,
1873.67 ,68.2 ,,
1873.75 ,47.5 ,,
1873.83 ,47.4 ,,
1873.92 ,55.4 ,,
1874.00 ,49.2 ,,
1874.08 ,60.8 ,,
1874.17 ,64.2 ,,
1874.25 ,46.4 ,,
1874.33 ,32.0 ,,
1874.42 ,44.6 ,,
1874.50 ,38.2 ,,
1874.58 ,67.8 ,,
1874.67 ,61.3 ,,
1874.75 ,28.0 ,,
1874.83 ,34.3 ,,
1874.92 ,28.9 ,,
1875.00 ,29.3 ,,
1875.08 ,14.6 ,,
1875.17 ,22.2 ,,
1875.25 ,33.8 ,,
1875.33 ,29.1 ,,
1875.42 ,11.5 ,,
1875.50 ,23.9 ,,
1875.58 ,12.5 ,,
1875.67 ,14.6 ,,
1875.75 ,2.4 ,,
1875.83 ,12.7 ,,
1875.92 ,17.7 ,,
1876.00 ,9.9 ,,
1876.08 ,14.3 ,,
1876.17 ,15.0 ,,
1876.25 ,31.2 ,,
1876.33 ,2.3 ,,
1876.42 ,5.1 ,,
1876.50 ,1.6 ,,
1876.58 ,15.2 ,,
1876.67 ,8.8 ,,
1876.75 ,9.9 ,,
1876.83 ,14.3 ,,
1876.92 ,9.9 ,,
1877.00 ,8.2 ,,
1877.08 ,24.4 ,,
1877.17 ,8.7 ,,
1877.25 ,11.7 ,,
1877.33 ,15.8 ,,
1877.42 ,21.2 ,,
1877.50 ,13.4 ,,
1877.58 ,5.9 ,,
1877.67 ,6.3 ,,
1877.75 ,16.4 ,,
1877.83 ,6.7 ,,
1877.92 ,14.5 ,,
1878.00 ,2.3 ,,
1878.08 ,3.3 ,,
1878.17 ,6.0 ,,
1878.25 ,7.8 ,,
1878.33 ,0.1 ,,
1878.42 ,5.8 ,,
1878.50 ,6.4 ,,
1878.58 ,0.1 ,,
1878.67 ,0.0 ,,
1878.75 ,5.3 ,,
1878.83 ,1.1 ,,
1878.92 ,4.1 ,,
1879.00 ,0.5 ,,
1879.08 ,0.8 ,,
1879.17 ,0.6 ,,
1879.25 ,0.0 ,,
1879.33 ,6.2 ,,
1879.42 ,2.4 ,,
1879.50 ,4.8 ,,
1879.58 ,7.5 ,,
1879.67 ,10.7 ,,
1879.75 ,6.1 ,,
1879.83 ,12.3 ,,
1879.92 ,12.9 ,,
1880.00 ,7.2 ,,
1880.08 ,24.0 ,,
1880.17 ,27.5 ,,
1880.25 ,19.5 ,,
1880.33 ,19.3 ,,
1880.42 ,23.5 ,,
1880.50 ,34.1 ,,
1880.58 ,21.9 ,,
1880.67 ,48.1 ,,
1880.75 ,66.0 ,,
1880.83 ,43.0 ,,
1880.92 ,30.7 ,,
1881.00 ,29.6 ,,
1881.08 ,36.4 ,,
1881.17 ,53.2 ,,
1881.25 ,51.5 ,,
1881.33 ,51.7 ,,
1881.42 ,43.5 ,,
1881.50 ,60.5 ,,
1881.58 ,76.9 ,,
1881.67 ,58.0 ,,
1881.75 ,53.2 ,,
1881.83 ,64.0 ,,
1881.92 ,54.8 ,,
1882.00 ,47.3 ,,
1882.08 ,45.0 ,,
1882.17 ,69.3 ,,
1882.25 ,67.5 ,,
1882.33 ,95.8 ,,
1882.42 ,64.1 ,,
1882.50 ,45.2 ,,
1882.58 ,45.4 ,,
1882.67 ,40.4 ,,
1882.75 ,57.7 ,,
1882.83 ,59.2 ,,
1882.92 ,84.4 ,,
1883.00 ,41.8 ,,
1883.08 ,60.6 ,,
1883.17 ,46.9 ,,
1883.25 ,42.8 ,,
1883.33 ,82.1 ,,
1883.42 ,32.1 ,,
1883.50 ,76.5 ,,
1883.58 ,80.6 ,,
1883.67 ,46.0 ,,
1883.75 ,52.6 ,,
1883.83 ,83.8 ,,
1883.92 ,84.5 ,,
1884.00 ,75.9 ,,
1884.08 ,91.5 ,,
1884.17 ,86.9 ,,
1884.25 ,86.8 ,,
1884.33 ,76.1 ,,
1884.42 ,66.5 ,,
1884.50 ,51.2 ,,
1884.58 ,53.1 ,,
1884.67 ,55.8 ,,
1884.75 ,61.9 ,,
1884.83 ,47.8 ,,
1884.92 ,36.6 ,,
1885.00 ,47.2 ,,
1885.08 ,42.8 ,,
1885.17 ,71.8 ,,
1885.25 ,49.8 ,,
1885.33 ,55.0 ,,
1885.42 ,73.0 ,,
1885.50 ,83.7 ,,
1885.58 ,66.5 ,,
1885.67 ,50.0 ,,
1885.75 ,39.6 ,,
1885.83 ,38.7 ,,
1885.92 ,33.3 ,,
1886.00 ,21.7 ,,
1886.08 ,29.9 ,,
1886.17 ,25.9 ,,
1886.25 ,57.3 ,,
1886.33 ,43.7 ,,
1886.42 ,30.7 ,,
1886.50 ,27.1 ,,
1886.58 ,30.3 ,,
1886.67 ,16.9 ,,
1886.75 ,21.4 ,,
1886.83 ,8.6 ,,
1886.92 ,0.3 ,,
1887.00 ,12.4 ,,
1887.08 ,10.3 ,,
1887.17 ,13.2 ,,
1887.25 ,4.2 ,,
1887.33 ,6.9 ,,
1887.42 ,20.0 ,,
1887.50 ,15.7 ,,
1887.58 ,23.3 ,,
1887.67 ,21.4 ,,
1887.75 ,7.4 ,,
1887.83 ,6.6 ,,
1887.92 ,6.9 ,,
1888.00 ,20.7 ,,
1888.08 ,12.7 ,,
1888.17 ,7.1 ,,
1888.25 ,7.8 ,,
1888.33 ,5.1 ,,
1888.42 ,7.0 ,,
1888.50 ,7.1 ,,
1888.58 ,3.1 ,,
1888.67 ,2.8 ,,
1888.75 ,8.8 ,,
1888.83 ,2.1 ,,
1888.92 ,10.7 ,,
1889.00 ,6.7 ,,
1889.08 ,0.8 ,,
1889.17 ,8.5 ,,
1889.25 ,7.0 ,,
1889.33 ,4.3 ,,
1889.42 ,2.4 ,,
1889.50 ,6.4 ,,
1889.58 ,9.7 ,,
1889.67 ,20.6 ,,
1889.75 ,6.5 ,,
1889.83 ,2.1 ,,
1889.92 ,0.2 ,,
1890.00 ,6.7 ,,
1890.08 ,5.3 ,,
1890.17 ,0.6 ,,
1890.25 ,5.1 ,,
1890.33 ,1.6 ,,
1890.42 ,4.8 ,,
1890.50 ,1.3 ,,
1890.58 ,11.6 ,,
1890.67 ,8.5 ,,
1890.75 ,17.2 ,,
1890.83 ,11.2 ,,
1890.92 ,9.6 ,,
1891.00 ,7.8 ,,
1891.08 ,13.5 ,,
1891.17 ,22.2 ,,
1891.25 ,10.4 ,,
1891.33 ,20.5 ,,
1891.42 ,41.1 ,,
1891.50 ,48.3 ,,
1891.58 ,58.8 ,,
1891.67 ,33.2 ,,
1891.75 ,53.8 ,,
1891.83 ,51.5 ,,
1891.92 ,41.9 ,,
1892.00 ,32.3 ,,
1892.08 ,69.1 ,,
1892.17 ,75.6 ,,
1892.25 ,49.9 ,,
1892.33 ,69.6 ,,
1892.42 ,79.6 ,,
1892.50 ,76.3 ,,
1892.58 ,76.8 ,,
1892.67 ,101.4,,
1892.75 ,62.8 ,,
1892.83 ,70.5 ,,
1892.92 ,65.4 ,,
1893.00 ,78.6 ,,
1893.08 ,75.0 ,,
1893.17 ,73.0 ,,
1893.25 ,65.7 ,,
1893.33 ,88.1 ,,
1893.42 ,84.7 ,,
1893.50 ,88.2 ,,
1893.58 ,88.8 ,,
1893.67 ,129.2,,
1893.75 ,77.9 ,,
1893.83 ,79.7 ,,
1893.92 ,75.1 ,,
1894.00 ,93.8 ,,
1894.08 ,83.2 ,,
1894.17 ,84.6 ,,
1894.25 ,52.3 ,,
1894.33 ,81.6 ,,
1894.42 ,101.2,,
1894.50 ,98.9 ,,
1894.58 ,106,,
1894.67 ,70.3 ,,
1894.75 ,65.9 ,,
1894.83 ,75.5 ,,
1894.92 ,56.6 ,,
1895.00 ,60.0 ,,
1895.08 ,63.3 ,,
1895.17 ,67.2 ,,
1895.25 ,61.0 ,,
1895.33 ,76.9 ,,
1895.42 ,67.5 ,,
1895.50 ,71.5 ,,
1895.58 ,47.8 ,,
1895.67 ,68.9 ,,
1895.75 ,57.7 ,,
1895.83 ,67.9 ,,
1895.92 ,47.2 ,,
1896.00 ,70.7 ,,
1896.08 ,29.0 ,,
1896.17 ,57.4 ,,
1896.25 ,52.0 ,,
1896.33 ,43.8 ,,
1896.42 ,27.7 ,,
1896.50 ,49.0 ,,
1896.58 ,45.0 ,,
1896.67 ,27.2 ,,
1896.75 ,61.3 ,,
1896.83 ,28.4 ,,
1896.92 ,38.0 ,,
1897.00 ,42.6 ,,
1897.08 ,40.6 ,,
1897.17 ,29.4 ,,
1897.25 ,29.1 ,,
1897.33 ,31.0 ,,
1897.42 ,20.0 ,,
1897.50 ,11.3 ,,
1897.58 ,27.6 ,,
1897.67 ,21.8 ,,
1897.75 ,48.1 ,,
1897.83 ,14.3 ,,
1897.92 ,8.4 ,,
1898.00 ,33.3 ,,
1898.08 ,30.2 ,,
1898.17 ,36.4 ,,
1898.25 ,38.3 ,,
1898.33 ,14.5 ,,
1898.42 ,25.8 ,,
1898.50 ,22.3 ,,
1898.58 ,9.0 ,,
1898.67 ,31.4 ,,
1898.75 ,34.8 ,,
1898.83 ,34.4 ,,
1898.92 ,30.9 ,,
1899.00 ,12.6 ,,
1899.08 ,19.5 ,,
1899.17 ,9.2 ,,
1899.25 ,18.1 ,,
1899.33 ,14.2 ,,
1899.42 ,7.7 ,,
1899.50 ,20.5 ,,
1899.58 ,13.5 ,,
1899.67 ,2.9 ,,
1899.75 ,8.4 ,,
1899.83 ,13.0 ,,
1899.92 ,7.8 ,,
1900.00 ,10.5 ,,
1900.08 ,9.4 ,,
1900.17 ,13.6 ,,
1900.25 ,8.6 ,,
1900.33 ,16.0 ,,
1900.42 ,15.2 ,,
1900.50 ,12.1 ,,
1900.58 ,8.3 ,,
1900.67 ,4.3 ,,
1900.75 ,8.3 ,,
1900.83 ,12.9 ,,
1900.92 ,4.5 ,,
1901.00 ,0.3 ,,
1901.08 ,0.2 ,,
1901.17 ,2.4 ,,
1901.25 ,4.5 ,,
1901.33 ,0.0 ,,
1901.42 ,10.2 ,,
1901.50 ,5.8 ,,
1901.58 ,0.7 ,,
1901.67 ,1.0 ,,
1901.75 ,0.6 ,,
1901.83 ,3.7 ,,
1901.92 ,3.8 ,,
1902.00 ,0.0 ,,
1902.08 ,5.2 ,,
1902.17 ,0.0 ,,
1902.25 ,12.4 ,,
1902.33 ,0.0 ,,
1902.42 ,2.8 ,,
1902.50 ,1.4 ,,
1902.58 ,0.9 ,,
1902.67 ,2.3 ,,
1902.75 ,7.6 ,,
1902.83 ,16.3 ,,
1902.92 ,10.3 ,,
1903.00 ,1.1 ,,
1903.08 ,8.3 ,,
1903.17 ,17.0 ,,
1903.25 ,13.5 ,,
1903.33 ,26.1 ,,
1903.42 ,14.6 ,,
1903.50 ,16.3 ,,
1903.58 ,27.9 ,,
1903.67 ,28.8 ,,
1903.75 ,11.1 ,,
1903.83 ,38.9 ,,
1903.92 ,44.5 ,,
1904.00 ,45.6 ,,
1904.08 ,31.6 ,,
1904.17 ,24.5 ,,
1904.25 ,37.2 ,,
1904.33 ,43.0 ,,
1904.42 ,39.5 ,,
1904.50 ,41.9 ,,
1904.58 ,50.6 ,,
1904.67 ,58.2 ,,
1904.75 ,30.1 ,,
1904.83 ,54.2 ,,
1904.92 ,38.0 ,,
1905.00 ,54.6 ,,
1905.08 ,54.8 ,,
1905.17 ,85.8 ,,
1905.25 ,56.5 ,,
1905.33 ,39.3 ,,
1905.42 ,48.0 ,,
1905.50 ,49.0 ,,
1905.58 ,73.0 ,,
1905.67 ,58.8 ,,
1905.75 ,55.0 ,,
1905.83 ,78.7 ,,
1905.92 ,107.2,,
1906.00 ,55.5 ,,
1906.08 ,45.5 ,,
1906.17 ,31.3 ,,
1906.25 ,64.5 ,,
1906.33 ,55.3 ,,
1906.42 ,57.7 ,,
1906.50 ,63.2 ,,
1906.58 ,103.6,,
1906.67 ,47.7 ,,
1906.75 ,56.1 ,,
1906.83 ,17.8 ,,
1906.92 ,38.9 ,,
1907.00 ,64.7 ,,
1907.08 ,76.4 ,,
1907.17 ,108.2,,
1907.25 ,60.7 ,,
1907.33 ,52.6 ,,
1907.42 ,42.9 ,,
1907.50 ,40.4 ,,
1907.58 ,49.7 ,,
1907.67 ,54.3 ,,
1907.75 ,85.0 ,,
1907.83 ,65.4 ,,
1907.92 ,61.5 ,,
1908.00 ,47.3 ,,
1908.08 ,39.2 ,,
1908.17 ,33.9 ,,
1908.25 ,28.7 ,,
1908.33 ,57.6 ,,
1908.42 ,40.8 ,,
1908.50 ,48.1 ,,
1908.58 ,39.5 ,,
1908.67 ,90.5 ,,
1908.75 ,86.9 ,,
1908.83 ,32.3 ,,
1908.92 ,45.5 ,,
1909.00 ,39.5 ,,
1909.08 ,56.7 ,,
1909.17 ,46.6 ,,
1909.25 ,66.3 ,,
1909.33 ,32.3 ,,
1909.42 ,36.0 ,,
1909.50 ,22.6 ,,
1909.58 ,35.8 ,,
1909.67 ,23.1 ,,
1909.75 ,38.8 ,,
1909.83 ,58.4 ,,
1909.92 ,55.8 ,,
1910.00 ,54.2 ,,
1910.08 ,26.4 ,,
1910.17 ,31.5 ,,
1910.25 ,21.4 ,,
1910.33 ,8.4 ,,
1910.42 ,22.2 ,,
1910.50 ,12.3 ,,
1910.58 ,14.1 ,,
1910.67 ,11.5 ,,
1910.75 ,26.2 ,,
1910.83 ,38.3 ,,
1910.92 ,4.9 ,,
1911.00 ,5.8 ,,
1911.08 ,3.4 ,,
1911.17 ,9.0 ,,
1911.25 ,7.8 ,,
1911.33 ,16.5 ,,
1911.42 ,9.0 ,,
1911.50 ,2.2 ,,
1911.58 ,3.5 ,,
1911.67 ,4.0 ,,
1911.75 ,4.0 ,,
1911.83 ,2.6 ,,
1911.92 ,4.2 ,,
1912.00 ,2.2 ,,
1912.08 ,0.3 ,,
1912.17 ,0.0 ,,
1912.25 ,4.9 ,,
1912.33 ,4.5 ,,
1912.42 ,4.4 ,,
1912.50 ,4.1 ,,
1912.58 ,3.0 ,,
1912.67 ,0.3 ,,
1912.75 ,9.5 ,,
1912.83 ,4.6 ,,
1912.92 ,1.1 ,,
1913.00 ,6.4 ,,
1913.08 ,2.3 ,,
1913.17 ,2.9 ,,
1913.25 ,0.5 ,,
1913.33 ,0.9 ,,
1913.42 ,0.0 ,,
1913.50 ,0.0 ,,
1913.58 ,1.7 ,,
1913.67 ,0.2 ,,
1913.75 ,1.2 ,,
1913.83 ,3.1 ,,
1913.92 ,0.7 ,,
1914.00 ,3.8 ,,
1914.08 ,2.8 ,,
1914.17 ,2.6 ,,
1914.25 ,3.1 ,,
1914.33 ,17.3 ,,
1914.42 ,5.2 ,,
1914.50 ,11.4 ,,
1914.58 ,5.4 ,,
1914.67 ,7.7 ,,
1914.75 ,12.7 ,,
1914.83 ,8.2 ,,
1914.92 ,16.4 ,,
1915.00 ,22.3 ,,
1915.08 ,23.0 ,,
1915.17 ,42.3 ,,
1915.25 ,38.8 ,,
1915.33 ,41.3 ,,
1915.42 ,33.0 ,,
1915.50 ,68.8 ,,
1915.58 ,71.6 ,,
1915.67 ,69.6 ,,
1915.75 ,49.5 ,,
1915.83 ,53.5 ,,
1915.92 ,42.5 ,,
1916.00 ,34.5 ,,
1916.08 ,45.3 ,,
1916.17 ,55.4 ,,
1916.25 ,67.0 ,,
1916.33 ,71.8 ,,
1916.42 ,74.5 ,,
1916.50 ,67.7 ,,
1916.58 ,53.5 ,,
1916.67 ,35.2 ,,
1916.75 ,45.1 ,,
1916.83 ,50.7 ,,
1916.92 ,65.6 ,,
1917.00 ,53.0 ,,
1917.08 ,74.7 ,,
1917.17 ,71.9 ,,
1917.25 ,94.8 ,,
1917.33 ,74.7 ,,
1917.42 ,114.1,,
1917.50 ,114.9,,
1917.58 ,119.8,,
1917.67 ,154.5,,
1917.75 ,129.4,,
1917.83 ,72.2 ,,
1917.92 ,96.4 ,,
1918.00 ,129.3,,
1918.08 ,96.0 ,,
1918.17 ,65.3 ,,
1918.25 ,72.2 ,,
1918.33 ,80.5 ,,
1918.42 ,76.7 ,,
1918.50 ,59.4 ,,
1918.58 ,107.6,,
1918.67 ,101.7,,
1918.75 ,79.9 ,,
1918.83 ,85.0 ,,
1918.92 ,83.4 ,,
1919.00 ,59.2 ,,
1919.08 ,48.1 ,,
1919.17 ,79.5 ,,
1919.25 ,66.5 ,,
1919.33 ,51.8 ,,
1919.42 ,88.1 ,,
1919.50 ,111.2,,
1919.58 ,64.7 ,,
1919.67 ,69.0 ,,
1919.75 ,54.7 ,,
1919.83 ,52.8 ,,
1919.92 ,42.0 ,,
1920.00 ,34.9 ,,
1920.08 ,51.1 ,,
1920.17 ,53.9 ,,
1920.25 ,70.2 ,,
1920.33 ,14.8 ,,
1920.42 ,33.3 ,,
1920.50 ,38.7 ,,
1920.58 ,27.5 ,,
1920.67 ,19.2 ,,
1920.75 ,36.3 ,,
1920.83 ,49.6 ,,
1920.92 ,27.2 ,,
1921.00 ,29.9 ,,
1921.08 ,31.5 ,,
1921.17 ,28.3 ,,
1921.25 ,26.7 ,,
1921.33 ,32.4 ,,
1921.42 ,22.2 ,,
1921.50 ,33.7 ,,
1921.58 ,41.9 ,,
1921.67 ,22.8 ,,
1921.75 ,17.8 ,,
1921.83 ,18.2 ,,
1921.92 ,17.8 ,,
1922.00 ,20.3 ,,
1922.08 ,11.8 ,,
1922.17 ,26.4 ,,
1922.25 ,54.7 ,,
1922.33 ,11.0 ,,
1922.42 ,8.0 ,,
1922.50 ,5.8 ,,
1922.58 ,10.9 ,,
1922.67 ,6.5 ,,
1922.75 ,4.7 ,,
1922.83 ,6.2 ,,
1922.92 ,7.4 ,,
1923.00 ,17.5 ,,
1923.08 ,4.5 ,,
1923.17 ,1.5 ,,
1923.25 ,3.3 ,,
1923.33 ,6.1 ,,
1923.42 ,3.2 ,,
1923.50 ,9.1 ,,
1923.58 ,3.5 ,,
1923.67 ,0.5 ,,
1923.75 ,13.2 ,,
1923.83 ,11.6 ,,
1923.92 ,10.0 ,,
1924.00 ,2.8 ,,
1924.08 ,0.5 ,,
1924.17 ,5.1 ,,
1924.25 ,1.8 ,,
1924.33 ,11.3 ,,
1924.42 ,20.8 ,,
1924.50 ,24.0 ,,
1924.58 ,28.1 ,,
1924.67 ,19.3 ,,
1924.75 ,25.1 ,,
1924.83 ,25.6 ,,
1924.92 ,22.5 ,,
1925.00 ,16.5 ,,
1925.08 ,5.5 ,,
1925.17 ,23.2 ,,
1925.25 ,18.0 ,,
1925.33 ,31.7 ,,
1925.42 ,42.8 ,,
1925.50 ,47.5 ,,
1925.58 ,38.5 ,,
1925.67 ,37.9 ,,
1925.75 ,60.2 ,,
1925.83 ,69.2 ,,
1925.92 ,58.6 ,,
1926.00 ,98.6 ,,
1926.08 ,71.8 ,,
1926.17 ,70.0 ,,
1926.25 ,62.5 ,,
1926.33 ,38.5 ,,
1926.42 ,64.3 ,,
1926.50 ,73.5 ,,
1926.58 ,52.3 ,,
1926.67 ,61.6 ,,
1926.75 ,60.8 ,,
1926.83 ,71.5 ,,
1926.92 ,60.5 ,,
1927.00 ,79.4 ,,
1927.08 ,81.6 ,,
1927.17 ,93.0 ,,
1927.25 ,69.6 ,,
1927.33 ,93.5 ,,
1927.42 ,79.1 ,,
1927.50 ,59.1 ,,
1927.58 ,54.9 ,,
1927.67 ,53.8 ,,
1927.75 ,68.4 ,,
1927.83 ,63.1 ,,
1927.92 ,67.2 ,,
1928.00 ,45.2 ,,
1928.08 ,83.5 ,,
1928.17 ,73.5 ,,
1928.25 ,85.4 ,,
1928.33 ,80.6 ,,
1928.42 ,76.9 ,,
1928.50 ,91.4 ,,
1928.58 ,98.0 ,,
1928.67 ,83.8 ,,
1928.75 ,89.7 ,,
1928.83 ,61.4 ,,
1928.92 ,50.3 ,,
1929.00 ,59.0 ,,
1929.08 ,68.9 ,,
1929.17 ,64.1 ,,
1929.25 ,50.2 ,,
1929.33 ,52.8 ,,
1929.42 ,58.2 ,,
1929.50 ,71.9 ,,
1929.58 ,70.2 ,,
1929.67 ,65.8 ,,
1929.75 ,34.4 ,,
1929.83 ,54.0 ,,
1929.92 ,81.1 ,,
1930.00 ,108,,
1930.08 ,65.3 ,,
1930.17 ,49.2 ,,
1930.25 ,35.0 ,,
1930.33 ,38.2 ,,
1930.42 ,36.8 ,,
1930.50 ,28.8 ,,
1930.58 ,21.9 ,,
1930.67 ,24.9 ,,
1930.75 ,32.1 ,,
1930.83 ,34.4 ,,
1930.92 ,35.6 ,,
1931.00 ,25.8 ,,
1931.08 ,14.6 ,,
1931.17 ,43.1 ,,
1931.25 ,30.0 ,,
1931.33 ,31.2 ,,
1931.42 ,24.6 ,,
1931.50 ,15.3 ,,
1931.58 ,17.4 ,,
1931.67 ,13.0 ,,
1931.75 ,19.0 ,,
1931.83 ,10.0 ,,
1931.92 ,18.7 ,,
1932.00 ,17.8 ,,
1932.08 ,12.1 ,,
1932.17 ,10.6 ,,
1932.25 ,11.2 ,,
1932.33 ,11.2 ,,
1932.42 ,17.9 ,,
1932.50 ,22.2 ,,
1932.58 ,9.6 ,,
1932.67 ,6.8 ,,
1932.75 ,4.0 ,,
1932.83 ,8.9 ,,
1932.92 ,8.2 ,,
1933.00 ,11.0 ,,
1933.08 ,12.3 ,,
1933.17 ,22.2 ,,
1933.25 ,10.1 ,,
1933.33 ,2.9 ,,
1933.42 ,3.2 ,,
1933.50 ,5.2 ,,
1933.58 ,2.8 ,,
1933.67 ,0.2 ,,
1933.75 ,5.1 ,,
1933.83 ,3.0 ,,
1933.92 ,0.6 ,,
1934.00 ,0.3 ,,
1934.08 ,3.4 ,,
1934.17 ,7.8 ,,
1934.25 ,4.3 ,,
1934.33 ,11.3 ,,
1934.42 ,19.7 ,,
1934.50 ,6.7 ,,
1934.58 ,9.3 ,,
1934.67 ,8.3 ,,
1934.75 ,4.0 ,,
1934.83 ,5.7 ,,
1934.92 ,8.7 ,,
1935.00 ,15.4 ,,
1935.08 ,18.9 ,,
1935.17 ,20.5 ,,
1935.25 ,23.1 ,,
1935.33 ,12.2 ,,
1935.42 ,27.3 ,,
1935.50 ,45.7 ,,
1935.58 ,33.9 ,,
1935.67 ,30.1 ,,
1935.75 ,42.1 ,,
1935.83 ,53.2 ,,
1935.92 ,64.2 ,,
1936.00 ,61.5 ,,
1936.08 ,62.8 ,,
1936.17 ,74.3 ,,
1936.25 ,77.1 ,,
1936.33 ,74.9 ,,
1936.42 ,54.6 ,,
1936.50 ,70.0 ,,
1936.58 ,52.3 ,,
1936.67 ,87.0 ,,
1936.75 ,76.0 ,,
1936.83 ,89.0 ,,
1936.92 ,115.4,,
1937.00 ,123.4,,
1937.08 ,132.5,,
1937.17 ,128.5,,
1937.25 ,83.9 ,,
1937.33 ,109.3,,
1937.42 ,116.7,,
1937.50 ,130.3,,
1937.58 ,145.1,,
1937.67 ,137.7,,
1937.75 ,100.7,,
1937.83 ,124.9,,
1937.92 ,74.4 ,,
1938.00 ,88.8 ,,
1938.08 ,98.4 ,,
1938.17 ,119.2,,
1938.25 ,86.5 ,,
1938.33 ,101,,
1938.42 ,127.4,,
1938.50 ,97.5 ,,
1938.58 ,165.3,,
1938.67 ,115.7,,
1938.75 ,89.6 ,,
1938.83 ,99.1 ,,
1938.92 ,122.2,,
1939.00 ,92.7 ,,
1939.08 ,80.3 ,,
1939.17 ,77.4 ,,
1939.25 ,64.6 ,,
1939.33 ,109.1,,
1939.42 ,118.3,,
1939.50 ,101,,
1939.58 ,97.6 ,,
1939.67 ,105.8,,
1939.75 ,112.6,,
1939.83 ,88.1 ,,
1939.92 ,68.1 ,,
1940.00 ,42.1 ,,
1940.08 ,50.5 ,,
1940.17 ,59.4 ,,
1940.25 ,83.3 ,,
1940.33 ,60.7 ,,
1940.42 ,54.4 ,,
1940.50 ,83.9 ,,
1940.58 ,67.5 ,,
1940.67 ,105.5,,
1940.75 ,66.5 ,,
1940.83 ,55.0 ,,
1940.92 ,58.4 ,,
1941.00 ,68.3 ,,
1941.08 ,45.6 ,,
1941.17 ,44.5 ,,
1941.25 ,46.4 ,,
1941.33 ,32.8 ,,
1941.42 ,29.5 ,,
1941.50 ,59.8 ,,
1941.58 ,66.9 ,,
1941.67 ,60.0 ,,
1941.75 ,65.9 ,,
1941.83 ,46.3 ,,
1941.92 ,38.3 ,,
1942.00 ,33.7 ,,
1942.08 ,35.6 ,,
1942.17 ,52.8 ,,
1942.25 ,54.2 ,,
1942.33 ,60.7 ,,
1942.42 ,25.0 ,,
1942.50 ,11.4 ,,
1942.58 ,17.7 ,,
1942.67 ,20.2 ,,
1942.75 ,17.2 ,,
1942.83 ,19.2 ,,
1942.92 ,30.7 ,,
1943.00 ,22.5 ,,
1943.08 ,12.4 ,,
1943.17 ,28.9 ,,
1943.25 ,27.4 ,,
1943.33 ,26.1 ,,
1943.42 ,14.1 ,,
1943.50 ,7.6 ,,
1943.58 ,13.2 ,,
1943.67 ,19.4 ,,
1943.75 ,10.0 ,,
1943.83 ,7.8 ,,
1943.92 ,10.2 ,,
1944.00 ,18.8 ,,
1944.08 ,3.7 ,,
1944.17 ,0.5 ,,
1944.25 ,11.0 ,,
1944.33 ,0.3 ,,
1944.42 ,2.5 ,,
1944.50 ,5.0 ,,
1944.58 ,5.0 ,,
1944.67 ,16.7 ,,
1944.75 ,14.3 ,,
1944.83 ,16.9 ,,
1944.92 ,10.8 ,,
1945.00 ,28.4 ,,
1945.08 ,18.5 ,,
1945.17 ,12.7 ,,
1945.25 ,21.5 ,,
1945.33 ,32.0 ,,
1945.42 ,30.6 ,,
1945.50 ,36.2 ,,
1945.58 ,42.6 ,,
1945.67 ,25.9 ,,
1945.75 ,34.9 ,,
1945.83 ,68.8 ,,
1945.92 ,46.0 ,,
1946.00 ,27.4 ,,
1946.08 ,47.6 ,,
1946.17 ,86.2 ,,
1946.25 ,76.6 ,,
1946.33 ,75.7 ,,
1946.42 ,84.9 ,,
1946.50 ,73.5 ,,
1946.58 ,116.2,,
1946.67 ,107.2,,
1946.75 ,94.4 ,,
1946.83 ,102.3,,
1946.92 ,123.8,,
1947.00 ,121.7,,
1947.08 ,115.7,,
1947.17 ,113.4,,
1947.25 ,129.8,,
1947.33 ,149.8,,
1947.42 ,201.3,,
1947.50 ,163.9,,
1947.58 ,157.9,,
1947.67 ,188.8,,
1947.75 ,169.4,,
1947.83 ,163.6,,
1947.92 ,128,,
1948.00 ,116.5,,
1948.08 ,108.5,,
1948.17 ,86.1 ,,
1948.25 ,94.8 ,,
1948.33 ,189.7,,
1948.42 ,174,,
1948.50 ,167.8,,
1948.58 ,142.2,,
1948.67 ,157.9,,
1948.75 ,143.3,,
1948.83 ,136.3,,
1948.92 ,95.8 ,,
1949.00 ,138,,
1949.08 ,119.1,,
1949.17 ,182.3,,
1949.25 ,157.5,,
1949.33 ,147,,
1949.42 ,106.2,,
1949.50 ,121.7,,
1949.58 ,125.8,,
1949.67 ,123.8,,
1949.75 ,145.3,,
1949.83 ,131.6,,
1949.92 ,143.5,,
1950.00 ,117.6,,
1950.08 ,101.6,,
1950.17 ,94.8 ,,
1950.25 ,109.7,,
1950.33 ,113.4,,
1950.42 ,106.2,,
1950.50 ,83.6 ,,
1950.58 ,91.0 ,,
1950.67 ,85.2 ,,
1950.75 ,51.3 ,,
1950.83 ,61.4 ,,
1950.92 ,54.8 ,,
1951.00 ,54.1 ,,
1951.08 ,59.9 ,,
1951.17 ,59.9 ,,
1951.25 ,59.9 ,,
1951.33 ,92.9 ,,
1951.42 ,108.5,,
1951.50 ,100.6,,
1951.58 ,61.5 ,,
1951.67 ,61.0 ,,
1951.75 ,83.1 ,,
1951.83 ,51.6 ,,
1951.92 ,52.4 ,,
1952.00 ,45.8 ,,
1952.08 ,40.7 ,,
1952.17 ,22.7 ,,
1952.25 ,22.0 ,,
1952.33 ,29.1 ,,
1952.42 ,23.4 ,,
1952.50 ,36.4 ,,
1952.58 ,39.3 ,,
1952.67 ,54.9 ,,
1952.75 ,28.2 ,,
1952.83 ,23.8 ,,
1952.92 ,22.1 ,,
1953.00 ,34.3 ,,
1953.08 ,26.5 ,,
1953.17 ,3.9 ,,
1953.25 ,10.0 ,,
1953.33 ,27.8 ,,
1953.42 ,12.5 ,,
1953.50 ,21.8 ,,
1953.58 ,8.6 ,,
1953.67 ,23.5 ,,
1953.75 ,19.3 ,,
1953.83 ,8.2 ,,
1953.92 ,1.6 ,,
1954.00 ,2.5 ,,
1954.08 ,0.2 ,,
1954.17 ,0.5 ,,
1954.25 ,10.9 ,,
1954.33 ,1.8 ,,
1954.42 ,0.8 ,,
1954.50 ,0.2 ,,
1954.58 ,4.8 ,,
1954.67 ,8.4 ,,
1954.75 ,1.5 ,,
1954.83 ,7.0 ,,
1954.92 ,9.2 ,,
1955.00 ,7.6 ,,
1955.08 ,23.1 ,,
1955.17 ,20.8 ,,
1955.25 ,4.9 ,,
1955.33 ,11.3 ,,
1955.42 ,28.9 ,,
1955.50 ,31.7 ,,
1955.58 ,26.7 ,,
1955.67 ,40.7 ,,
1955.75 ,42.7 ,,
1955.83 ,58.5 ,,
1955.92 ,89.2 ,,
1956.00 ,76.9 ,,
1956.08 ,73.6 ,,
1956.17 ,124,,
1956.25 ,118.4,,
1956.33 ,110.7,,
1956.42 ,136.6,,
1956.50 ,116.6,,
1956.58 ,129.1,,
1956.67 ,169.6,,
1956.75 ,173.2,,
1956.83 ,155.3,,
1956.92 ,201.3,,
1957.00 ,192.1,,
1957.08 ,165,,
1957.17 ,130.2,,
1957.25 ,157.4,,
1957.33 ,175.2,,
1957.42 ,164.6,,
1957.50 ,200.7,,
1957.58 ,187.2,,
1957.67 ,158,,
1957.75 ,235.8,,
1957.83 ,253.8,,
1957.92 ,210.9,,
1958.00 ,239.4,,
1958.08 ,202.5,,
1958.17 ,164.9,,
1958.25 ,190.7,,
1958.33 ,196,,
1958.42 ,175.3,,
1958.50 ,171.5,,
1958.58 ,191.4,,
1958.67 ,200.2,,
1958.75 ,201.2,,
1958.83 ,181.5,,
1958.92 ,152.3,,
1959.00 ,187.6,,
1959.08 ,217.4,,
1959.17 ,143.1,,
1959.25 ,185.7,,
1959.33 ,163.3,,
1959.42 ,172,,
1959.50 ,168.7,,
1959.58 ,149.6,,
1959.67 ,199.6,,
1959.75 ,145.2,,
1959.83 ,111.4,,
1959.92 ,124,,
1960.00 ,125,,
1960.08 ,146.3,,
1960.17 ,106,,
1960.25 ,102.2,,
1960.33 ,122,,
1960.42 ,119.6,,
1960.50 ,110.2,,
1960.58 ,121.7,,
1960.67 ,134.1,,
1960.75 ,127.2,,
1960.83 ,82.8 ,,
1960.92 ,89.6 ,,
1961.00 ,85.6 ,,
1961.08 ,57.9 ,,
1961.17 ,46.1 ,,
1961.25 ,53.0 ,,
1961.33 ,61.4 ,,
1961.42 ,51.0 ,,
1961.50 ,77.4 ,,
1961.58 ,70.2 ,,
1961.67 ,55.9 ,,
1961.75 ,63.6 ,,
1961.83 ,37.7 ,,
1961.92 ,32.6 ,,
1962.00 ,40.0 ,,
1962.08 ,38.7 ,,
1962.17 ,50.3 ,,
1962.25 ,45.6 ,,
1962.33 ,46.4 ,,
1962.42 ,43.7 ,,
1962.50 ,42.0 ,,
1962.58 ,21.8 ,,
1962.67 ,21.8 ,,
1962.75 ,51.3 ,,
1962.83 ,39.5 ,,
1962.92 ,26.9 ,,
1963.00 ,23.2 ,,
1963.08 ,19.8 ,,
1963.17 ,24.4 ,,
1963.25 ,17.1 ,,
1963.33 ,29.3 ,,
1963.42 ,43.0 ,,
1963.50 ,35.9 ,,
1963.58 ,19.6 ,,
1963.67 ,33.2 ,,
1963.75 ,38.8 ,,
1963.83 ,35.3 ,,
1963.92 ,23.4 ,,
1964.00 ,14.9 ,,
1964.08 ,15.3 ,,
1964.17 ,17.7 ,,
1964.25 ,16.5 ,,
1964.33 ,8.6 ,,
1964.42 ,9.5 ,,
1964.50 ,9.1 ,,
1964.58 ,3.1 ,,
1964.67 ,9.3 ,,
1964.75 ,4.7 ,,
1964.83 ,6.1 ,,
1964.92 ,7.4 ,,
1965.00 ,15.1 ,,
1965.08 ,17.5 ,,
1965.17 ,14.2 ,,
1965.25 ,11.7 ,,
1965.33 ,6.8 ,,
1965.42 ,24.1 ,,
1965.50 ,15.9 ,,
1965.58 ,11.9 ,,
1965.67 ,8.9 ,,
1965.75 ,16.8 ,,
1965.83 ,20.1 ,,
1965.92 ,15.8 ,,
1966.00 ,17.0 ,,
1966.08 ,28.2 ,,
1966.17 ,24.4 ,,
1966.25 ,25.3 ,,
1966.33 ,48.7 ,,
1966.42 ,45.3 ,,
1966.50 ,47.7 ,,
1966.58 ,56.7 ,,
1966.67 ,51.2 ,,
1966.75 ,50.2 ,,
1966.83 ,57.2 ,,
1966.92 ,57.2 ,,
1967.00 ,70.4 ,,
1967.08 ,110.9,,
1967.17 ,93.6 ,,
1967.25 ,111.8,,
1967.33 ,69.5 ,,
1967.42 ,86.5 ,,
1967.50 ,67.3 ,,
1967.58 ,91.5 ,,
1967.67 ,107.2,,
1967.75 ,76.8 ,,
1967.83 ,88.2 ,,
1967.92 ,94.3 ,,
1968.00 ,126.4,,
1968.08 ,121.8,,
1968.17 ,111.9,,
1968.25 ,92.2 ,,
1968.33 ,81.2 ,,
1968.42 ,127.2,,
1968.50 ,110.3,,
1968.58 ,96.1 ,,
1968.67 ,109.3,,
1968.75 ,117.2,,
1968.83 ,107.7,,
1968.92 ,86.0 ,,
1969.00 ,109.8,,
1969.08 ,104.4,,
1969.17 ,120.5,,
1969.25 ,135.8,,
1969.33 ,106.8,,
1969.42 ,120,,
1969.50 ,106,,
1969.58 ,96.8 ,,
1969.67 ,98.0 ,,
1969.75 ,91.3 ,,
1969.83 ,95.7 ,,
1969.92 ,93.5 ,,
1970.00 ,97.9 ,,
1970.08 ,111.5,,
1970.17 ,127.8,,
1970.25 ,102.9,,
1970.33 ,109.5,,
1970.42 ,127.5,,
1970.50 ,106.8,,
1970.58 ,112.5,,
1970.67 ,93.0 ,,
1970.75 ,99.5 ,,
1970.83 ,86.6 ,,
1970.92 ,95.2 ,,
1971.00 ,83.5 ,,
1971.08 ,91.3 ,,
1971.17 ,79.0 ,,
1971.25 ,60.7 ,,
1971.33 ,71.8 ,,
1971.42 ,57.5 ,,
1971.50 ,49.8 ,,
1971.58 ,81.0 ,,
1971.67 ,61.4 ,,
1971.75 ,50.2 ,,
1971.83 ,51.7 ,,
1971.92 ,63.2 ,,
1972.00 ,82.2 ,,
1972.08 ,61.5 ,,
1972.17 ,88.4 ,,
1972.25 ,80.1 ,,
1972.33 ,63.2 ,,
1972.42 ,80.5 ,,
1972.50 ,88.0 ,,
1972.58 ,76.5 ,,
1972.67 ,76.8 ,,
1972.75 ,64.0 ,,
1972.83 ,61.3 ,,
1972.92 ,41.6 ,,
1973.00 ,45.3 ,,
1973.08 ,43.4 ,,
1973.17 ,42.9 ,,
1973.25 ,46.0 ,,
1973.33 ,57.7 ,,
1973.42 ,42.4 ,,
1973.50 ,39.5 ,,
1973.58 ,23.1 ,,
1973.67 ,25.6 ,,
1973.75 ,59.3 ,,
1973.83 ,30.7 ,,
1973.92 ,23.9 ,,
1974.00 ,23.3 ,,
1974.08 ,27.6 ,,
1974.17 ,26.0 ,,
1974.25 ,21.3 ,,
1974.33 ,40.3 ,,
1974.42 ,39.5 ,,
1974.50 ,36.0 ,,
1974.58 ,55.8 ,,
1974.67 ,33.6 ,,
1974.75 ,40.2 ,,
1974.83 ,47.1 ,,
1974.92 ,25.0 ,,
1975.00 ,20.5 ,,
1975.08 ,18.9 ,,
1975.17 ,11.5 ,,
1975.25 ,11.5 ,,
1975.33 ,5.1 ,,
1975.42 ,9.0 ,,
1975.50 ,11.4 ,,
1975.58 ,28.2 ,,
1975.67 ,39.7 ,,
1975.75 ,13.9 ,,
1975.83 ,9.1 ,,
1975.92 ,19.4 ,,
1976.00 ,7.8 ,,
1976.08 ,8.1 ,,
1976.17 ,4.3 ,,
1976.25 ,21.9 ,,
1976.33 ,18.8 ,,
1976.42 ,12.4 ,,
1976.50 ,12.2 ,,
1976.58 ,1.9 ,,
1976.67 ,16.4 ,,
1976.75 ,13.5 ,,
1976.83 ,20.6 ,,
1976.92 ,5.2 ,,
1977.00 ,15.3 ,,
1977.08 ,16.4 ,,
1977.17 ,23.1 ,,
1977.25 ,8.7 ,,
1977.33 ,12.9 ,,
1977.42 ,18.6 ,,
1977.50 ,38.5 ,,
1977.58 ,21.4 ,,
1977.67 ,30.1 ,,
1977.75 ,44.0 ,,
1977.83 ,43.8 ,,
1977.92 ,29.1 ,,
1978.00 ,43.2 ,,
1978.08 ,51.9 ,,
1978.17 ,93.6 ,,
1978.25 ,76.5 ,,
1978.33 ,99.7 ,,
1978.42 ,82.7 ,,
1978.50 ,95.1 ,,
1978.58 ,70.4 ,,
1978.67 ,58.1 ,,
1978.75 ,138.2,,
1978.83 ,125.1,,
1978.92 ,97.9 ,,
1979.00 ,122.7,,
1979.08 ,166.6,,
1979.17 ,137.5,,
1979.25 ,138,,
1979.33 ,101.5,,
1979.42 ,134.4,,
1979.50 ,149.5,,
1979.58 ,159.4,,
1979.67 ,142.2,,
1979.75 ,188.4,,
1979.83 ,186.2,,
1979.92 ,183.3,,
1980.00 ,176.3,,
1980.08 ,159.6,,
1980.17 ,155,,
1980.25 ,126.2,,
1980.33 ,164.1,,
1980.42 ,179.9,,
1980.50 ,157.3,,
1980.58 ,136.3,,
1980.67 ,135.4,,
1980.75 ,155,,
1980.83 ,164.7,,
1980.92 ,147.9,,
1981.00 ,174.4,,
1981.08 ,114,,
1981.17 ,141.3,,
1981.25 ,135.5,,
1981.33 ,156.4,,
1981.42 ,127.5,,
1981.50 ,90.0 ,,
1981.58 ,143.8 ,,
1981.67 ,158.7,,
1981.75 ,167.3,,
1981.83 ,162.4,,
1981.92 ,137.5,,
1982.00 ,150.1,,
1982.08 ,111.2,,
1982.17 ,163.6,,
1982.25 ,153.8,,
1982.33 ,122,,
1982.42 ,82.2 ,,
1982.50 ,110.4 ,,
1982.58 ,106.1 ,,
1982.67 ,107.6 ,,
1982.75 ,118.8 ,,
1982.83 ,94.7 ,,
1982.92 ,98.1 ,,
1983.00 ,127.0 ,,
1983.08 ,84.3 ,,
1983.17 ,51.0 ,,
1983.25 ,66.5 ,,
1983.33 ,80.7 ,,
1983.42 ,99.2 ,,
1983.50 ,91.1 ,,
1983.58 ,82.2 ,,
1983.67 ,71.8 ,,
1983.75 ,50.3 ,,
1983.83 ,55.8 ,,
1983.92 ,33.3 ,,
1984.00 ,33.4 ,,
